DATETIME,PRICE
1974-12-31,1093.0
1975-01-01,
1975-01-02,1084.2
1975-01-03,1083.8
1975-01-06,1083.5
1975-01-07,1082.5
1975-01-08,1086.5
1975-01-09,1087.4
1975-01-10,1090.4
1975-01-13,1087.7
1975-01-14,1087.7
1975-01-15,1086.4
1975-01-16,1084.2
1975-01-17,1081.2
1975-01-20,1085.3
1975-01-21,1082.8
1975-01-22,1083.4
1975-01-23,1085.4
1975-01-24,1088.7
1975-01-27,1085.9
1975-01-28,1085.1
1975-01-29,1088.1
1975-01-30,1084.8
1975-01-31,1084.5
1975-02-03,1084.8
1975-02-04,1083.8
1975-02-05,1083.1
1975-02-06,1082.5
1975-02-07,1083.5
1975-02-10,1081.8
1975-02-11,1083.0
1975-02-12,
1975-02-13,1092.0
1975-02-14,1091.3
1975-02-17,
1975-02-18,1091.8
1975-02-19,1092.0
1975-02-20,1094.1
1975-02-21,1092.5
1975-02-24,1093.4
1975-02-25,1090.9
1975-02-26,1091.7
1975-02-27,1089.0
1975-02-28,1089.4
1975-03-03,1089.0
1975-03-04,1083.3
1975-03-05,1084.8
1975-03-06,1086.6
1975-03-07,1084.0
1975-03-10,1083.1
1975-03-11,1085.9
1975-03-12,1084.0
1975-03-13,1085.4
1975-03-14,1084.6
1975-03-17,1084.7
1975-03-18,1084.4
1975-03-19,1085.0
1975-03-20,1081.3
1975-03-21,1081.4
1975-03-24,1081.8
1975-03-25,1082.2
1975-03-26,1084.2
1975-03-27,1082.0
1975-03-28,
1975-03-31,1083.0
1975-04-01,1082.6
1975-04-02,1081.6
1975-04-03,1080.6
1975-04-04,1077.3
1975-04-07,1077.6
1975-04-08,1078.0
1975-04-09,1078.0
1975-04-10,1076.6
1975-04-11,1076.2
1975-04-14,1069.7
1975-04-15,1068.1
1975-04-16,1070.0
1975-04-17,1073.0
1975-04-18,1072.5
1975-04-21,1069.2
1975-04-22,1070.2
1975-04-23,1072.3
1975-04-24,1070.5
1975-04-25,1070.3
1975-04-28,1069.8
1975-04-29,1071.3
1975-04-30,1070.3
1975-05-01,1069.0
1975-05-02,1068.5
1975-05-05,1067.0
1975-05-06,1068.4
1975-05-07,1069.6
1975-05-08,1070.8
1975-05-09,1070.1
1975-05-12,1069.4
1975-05-13,1070.2
1975-05-14,1072.8
1975-05-15,1069.4
1975-05-16,1070.4
1975-05-19,1072.3
1975-05-20,1071.7
1975-05-21,1075.7
1975-05-22,1077.2
1975-05-23,1078.6
1975-05-26,
1975-05-27,1076.2
1975-05-28,1074.3
1975-05-29,1071.9
1975-05-30,1070.9
1975-06-02,1066.9
1975-06-03,1069.2
1975-06-04,1067.5
1975-06-05,1069.1
1975-06-06,1068.8
1975-06-09,1070.2
1975-06-10,1069.0
1975-06-11,1068.5
1975-06-12,1068.1
1975-06-13,1067.5
1975-06-16,1066.0
1975-06-17,1067.6
1975-06-18,1067.0
1975-06-19,1065.9
1975-06-20,1066.0
1975-06-23,1065.2
1975-06-24,1066.3
1975-06-25,1068.2
1975-06-26,1067.9
1975-06-27,1070.0
1975-06-30,1069.8
1975-07-01,1070.1
1975-07-02,1068.3
1975-07-03,1068.5
1975-07-04,
1975-07-07,1065.9
1975-07-08,1068.7
1975-07-09,1068.9
1975-07-10,1067.4
1975-07-11,1069.6
1975-07-14,1069.2
1975-07-15,1068.1
1975-07-16,1067.5
1975-07-17,1067.4
1975-07-18,1067.5
1975-07-21,1067.3
1975-07-22,1068.7
1975-07-23,1067.9
1975-07-24,1068.4
1975-07-25,1070.5
1975-07-28,1072.4
1975-07-29,1070.1
1975-07-30,1070.2
1975-07-31,1069.9
1975-08-01,1069.9
1975-08-04,1069.7
1975-08-05,1068.3
1975-08-06,1067.6
1975-08-07,1067.9
1975-08-08,1063.4
1975-08-11,1063.5
1975-08-12,1065.1
1975-08-13,1061.8
1975-08-14,1060.7
1975-08-15,1063.6
1975-08-18,1063.0
1975-08-19,1063.0
1975-08-20,1063.8
1975-08-21,1063.1
1975-08-22,1062.6
1975-08-25,1062.7
1975-08-26,1062.3
1975-08-27,1062.7
1975-08-28,1062.2
1975-08-29,1059.6
1975-09-01,
1975-09-02,1049.6
1975-09-03,1050.7
1975-09-04,1052.3
1975-09-05,1053.2
1975-09-08,1050.4
1975-09-09,1049.2
1975-09-10,1047.9
1975-09-11,1047.1
1975-09-12,1047.2
1975-09-15,1047.5
1975-09-16,1045.3
1975-09-17,1041.9
1975-09-18,1035.4
1975-09-19,1036.0
1975-09-22,1032.4
1975-09-23,1028.8
1975-09-24,1035.1
1975-09-25,1034.6
1975-09-26,1036.6
1975-09-29,1037.4
1975-09-30,1039.8
1975-10-01,1041.8
1975-10-02,1041.0
1975-10-03,1037.5
1975-10-06,1040.2
1975-10-07,1041.3
1975-10-08,1037.2
1975-10-09,1039.3
1975-10-10,1041.2
1975-10-13,
1975-10-14,1040.5
1975-10-15,1040.5
1975-10-16,1041.6
1975-10-17,1043.7
1975-10-20,1044.4
1975-10-21,1042.8
1975-10-22,1044.1
1975-10-23,1042.7
1975-10-24,1041.7
1975-10-27,1040.6
1975-10-28,1040.9
1975-10-29,1041.7
1975-10-30,1041.2
1975-10-31,1040.4
1975-11-03,1040.9
1975-11-04,
1975-11-05,1046.0
1975-11-06,1043.6
1975-11-07,1043.7
1975-11-10,1042.3
1975-11-11,
1975-11-12,1041.6
1975-11-13,1040.5
1975-11-14,1039.2
1975-11-17,1036.9
1975-11-18,1037.9
1975-11-19,1040.5
1975-11-20,1039.4
1975-11-21,1038.7
1975-11-24,1039.0
1975-11-25,1038.0
1975-11-26,1037.2
1975-11-27,
1975-11-28,1034.9
1975-12-01,1034.5
1975-12-02,1036.1
1975-12-03,1035.1
1975-12-04,1035.1
1975-12-05,1034.8
1975-12-08,1033.0
1975-12-09,1034.3
1975-12-10,1036.0
1975-12-11,1036.1
1975-12-12,1035.0
1975-12-15,1034.2
1975-12-16,1035.0
1975-12-17,1035.3
1975-12-18,1035.2
1975-12-19,1042.2
1975-12-22,1039.8
1975-12-23,1038.0
1975-12-24,1037.8
1975-12-25,
1975-12-26,
1975-12-29,1038.0
1975-12-30,1037.9
1975-12-31,1037.1
1976-01-01,
1976-01-02,1037.3
1976-01-05,1035.7
1976-01-06,1036.2
1976-01-07,1035.5
1976-01-08,1032.2
1976-01-09,1033.0
1976-01-12,1033.0
1976-01-13,1028.1
1976-01-14,1029.1
1976-01-15,1027.6
1976-01-16,1027.1
1976-01-19,1023.7
1976-01-20,1020.2
1976-01-21,1020.1
1976-01-22,1021.9
1976-01-23,1024.3
1976-01-26,1021.8
1976-01-27,1022.2
1976-01-28,1024.5
1976-01-29,1024.2
1976-01-30,1024.3
1976-02-02,1026.7
1976-02-03,1026.4
1976-02-04,1024.6
1976-02-05,1024.6
1976-02-06,1026.6
1976-02-09,1025.4
1976-02-10,1025.9
1976-02-11,1025.3
1976-02-12,1025.7
1976-02-13,1026.2
1976-02-16,
1976-02-17,1025.0
1976-02-18,1025.2
1976-02-19,1025.4
1976-02-20,1026.4
1976-02-23,1026.2
1976-02-24,1028.7
1976-02-25,1028.1
1976-02-26,1026.9
1976-02-27,1027.1
1976-03-01,1026.5
1976-03-02,1026.0
1976-03-03,1026.2
1976-03-04,1027.4
1976-03-05,1028.8
1976-03-08,1027.7
1976-03-09,1027.9
1976-03-10,1028.5
1976-03-11,1028.1
1976-03-12,1027.7
1976-03-15,1027.6
1976-03-16,1027.3
1976-03-17,1028.4
1976-03-18,1028.3
1976-03-19,1029.0
1976-03-22,1028.2
1976-03-23,1028.0
1976-03-24,1027.5
1976-03-25,1027.3
1976-03-26,1023.7
1976-03-29,1022.8
1976-03-30,1024.2
1976-03-31,1023.8
1976-04-01,1023.8
1976-04-02,1023.7
1976-04-05,1022.2
1976-04-06,1022.6
1976-04-07,1022.1
1976-04-08,1023.5
1976-04-09,1021.6
1976-04-12,1022.6
1976-04-13,1022.6
1976-04-14,1022.2
1976-04-15,1022.2
1976-04-16,
1976-04-19,1022.9
1976-04-20,1023.0
1976-04-21,1021.9
1976-04-22,1022.0
1976-04-23,1022.0
1976-04-26,1022.7
1976-04-27,1023.3
1976-04-28,1022.6
1976-04-29,1022.6
1976-04-30,1023.0
1976-05-03,1023.0
1976-05-04,1022.3
1976-05-05,1022.4
1976-05-06,1023.5
1976-05-07,1023.1
1976-05-10,1022.8
1976-05-11,1022.7
1976-05-12,1022.6
1976-05-13,1022.3
1976-05-14,1022.3
1976-05-17,1022.2
1976-05-18,1021.9
1976-05-19,1020.0
1976-05-20,1020.2
1976-05-21,1020.5
1976-05-24,1019.8
1976-05-25,1019.4
1976-05-26,1021.9
1976-05-27,1021.8
1976-05-28,1021.0
1976-05-31,
1976-06-01,1023.4
1976-06-02,1025.1
1976-06-03,1023.2
1976-06-04,1021.8
1976-06-07,1022.7
1976-06-08,1022.6
1976-06-09,1022.0
1976-06-10,1021.7
1976-06-11,1020.8
1976-06-14,1021.1
1976-06-15,1021.0
1976-06-16,1020.3
1976-06-17,1020.9
1976-06-18,1021.0
1976-06-21,1021.1
1976-06-22,1019.7
1976-06-23,1019.3
1976-06-24,1019.3
1976-06-25,1019.1
1976-06-28,1017.4
1976-06-29,1017.6
1976-06-30,1017.3
1976-07-01,1017.0
1976-07-02,1017.5
1976-07-05,
1976-07-06,1017.7
1976-07-07,1017.4
1976-07-08,1017.2
1976-07-09,1016.4
1976-07-12,1015.8
1976-07-13,1016.6
1976-07-14,1016.8
1976-07-15,1011.1
1976-07-16,1011.2
1976-07-19,1006.0
1976-07-20,1002.3
1976-07-21,1006.2
1976-07-22,1004.4
1976-07-23,1004.7
1976-07-26,1005.6
1976-07-27,1006.7
1976-07-28,1006.5
1976-07-29,1005.0
1976-07-30,1005.5
1976-08-02,1004.7
1976-08-03,1005.3
1976-08-04,1005.7
1976-08-05,1004.8
1976-08-06,1005.4
1976-08-09,1005.1
1976-08-10,1006.4
1976-08-11,1006.2
1976-08-12,1005.7
1976-08-13,1006.3
1976-08-16,1005.9
1976-08-17,1004.2
1976-08-18,1000.7
1976-08-19,1000.8
1976-08-20,1000.6
1976-08-23,996.6
1976-08-24,995.5
1976-08-25,998.1
1976-08-26,996.9
1976-08-27,995.1
1976-08-30,994.8
1976-08-31,995.2
1976-09-01,997.4
1976-09-02,997.4
1976-09-03,1000.0
1976-09-06,
1976-09-07,1003.7
1976-09-08,1004.4
1976-09-09,1005.9
1976-09-10,1010.4
1976-09-13,1006.7
1976-09-14,1003.1
1976-09-15,1004.6
1976-09-16,1006.3
1976-09-17,1009.7
1976-09-20,1007.2
1976-09-21,1011.3
1976-09-22,1010.7
1976-09-23,1010.0
1976-09-24,1010.8
1976-09-27,1009.9
1976-09-28,1008.4
1976-09-29,1008.3
1976-09-30,1008.3
1976-10-01,1008.2
1976-10-04,1006.4
1976-10-05,1006.7
1976-10-06,1008.8
1976-10-07,1007.7
1976-10-08,1006.2
1976-10-11,1006.8
1976-10-12,1006.9
1976-10-13,1007.2
1976-10-14,1007.1
1976-10-15,1009.2
1976-10-18,1009.1
1976-10-19,1007.5
1976-10-20,1007.1
1976-10-21,1008.5
1976-10-22,1008.0
1976-10-25,1009.1
1976-10-26,1010.6
1976-10-27,1012.2
1976-10-28,1018.0
1976-10-29,1016.0
1976-11-01,1015.9
1976-11-02,
1976-11-03,1017.4
1976-11-04,1018.2
1976-11-05,1020.2
1976-11-08,1025.2
1976-11-09,1025.4
1976-11-10,1029.3
1976-11-11,1028.0
1976-11-12,1029.1
1976-11-15,1028.1
1976-11-16,1025.5
1976-11-17,1024.0
1976-11-18,1020.7
1976-11-19,1023.1
1976-11-22,1027.5
1976-11-23,1024.8
1976-11-24,1025.2
1976-11-25,
1976-11-26,1022.0
1976-11-29,1022.6
1976-11-30,1024.0
1976-12-01,1023.6
1976-12-02,1023.5
1976-12-03,1024.7
1976-12-06,1027.4
1976-12-07,1026.2
1976-12-08,1029.5
1976-12-09,1030.0
1976-12-10,1030.4
1976-12-13,1027.8
1976-12-14,1028.4
1976-12-15,1024.9
1976-12-16,1026.3
1976-12-17,1023.4
1976-12-20,1023.8
1976-12-21,1026.6
1976-12-22,1025.8
1976-12-23,1025.3
1976-12-24,
1976-12-27,1025.6
1976-12-28,1025.9
1976-12-29,1026.5
1976-12-30,1027.1
1976-12-31,
1977-01-03,1027.4
1977-01-04,1027.8
1977-01-05,1024.6
1977-01-06,1025.0
1977-01-07,1024.5
1977-01-10,1019.0
1977-01-11,1022.1
1977-01-12,1023.1
1977-01-13,1023.7
1977-01-14,1023.0
1977-01-17,1024.2
1977-01-18,1023.9
1977-01-19,1024.5
1977-01-20,1024.5
1977-01-21,1024.0
1977-01-24,1024.3
1977-01-25,1026.1
1977-01-26,1023.3
1977-01-27,1022.8
1977-01-28,1023.5
1977-01-31,1024.6
1977-02-01,1024.1
1977-02-02,1024.5
1977-02-03,1024.1
1977-02-04,1024.5
1977-02-07,1027.0
1977-02-08,1026.2
1977-02-09,1027.7
1977-02-10,1026.9
1977-02-11,1027.5
1977-02-14,1027.1
1977-02-15,1026.8
1977-02-16,1027.8
1977-02-17,1028.3
1977-02-18,1028.9
1977-02-21,
1977-02-22,1030.5
1977-02-23,1031.5
1977-02-24,1032.9
1977-02-25,1033.1
1977-02-28,1035.5
1977-03-01,1034.5
1977-03-02,1038.4
1977-03-03,1037.0
1977-03-04,1039.2
1977-03-07,1039.2
1977-03-08,1039.1
1977-03-09,1039.0
1977-03-10,1037.8
1977-03-11,1037.2
1977-03-14,1036.7
1977-03-15,1039.1
1977-03-16,1040.2
1977-03-17,1041.3
1977-03-18,1042.1
1977-03-21,1044.8
1977-03-22,1042.1
1977-03-23,1045.0
1977-03-24,1044.1
1977-03-25,1044.3
1977-03-28,1041.0
1977-03-29,1039.7
1977-03-30,1041.0
1977-03-31,1040.5
1977-04-01,1041.7
1977-04-04,1040.6
1977-04-05,1037.2
1977-04-06,1038.5
1977-04-07,1039.0
1977-04-08,
1977-04-11,1040.2
1977-04-12,1040.8
1977-04-13,1043.3
1977-04-14,1042.8
1977-04-15,1042.2
1977-04-18,1041.8
1977-04-19,1040.6
1977-04-20,1038.7
1977-04-21,1039.5
1977-04-22,1039.6
1977-04-25,1037.8
1977-04-26,1036.2
1977-04-27,1036.4
1977-04-28,1035.7
1977-04-29,1037.5
1977-05-02,1039.1
1977-05-03,1037.4
1977-05-04,1037.5
1977-05-05,1037.1
1977-05-06,1038.0
1977-05-09,1037.7
1977-05-10,1037.5
1977-05-11,1037.0
1977-05-12,1037.5
1977-05-13,1037.8
1977-05-16,1038.0
1977-05-17,1037.0
1977-05-18,1036.3
1977-05-19,1036.4
1977-05-20,1036.3
1977-05-23,1034.5
1977-05-24,1033.2
1977-05-25,1033.3
1977-05-26,1031.7
1977-05-27,1033.2
1977-05-30,
1977-05-31,1032.2
1977-06-01,1032.9
1977-06-02,1031.4
1977-06-03,1031.4
1977-06-06,1032.1
1977-06-07,1031.5
1977-06-08,1030.6
1977-06-09,1028.5
1977-06-10,1029.9
1977-06-13,1026.3
1977-06-14,1025.5
1977-06-15,1028.2
1977-06-16,1028.0
1977-06-17,1028.4
1977-06-20,1028.8
1977-06-21,1029.4
1977-06-22,1028.4
1977-06-23,1029.3
1977-06-24,1029.5
1977-06-27,1032.2
1977-06-28,1030.7
1977-06-29,1031.4
1977-06-30,1031.3
1977-07-01,1029.7
1977-07-04,
1977-07-05,1028.5
1977-07-06,1029.0
1977-07-07,1029.5
1977-07-08,1030.1
1977-07-11,1029.2
1977-07-12,1031.2
1977-07-13,1032.7
1977-07-14,
1977-07-15,1032.4
1977-07-18,1033.5
1977-07-19,1032.9
1977-07-20,1032.5
1977-07-21,1031.8
1977-07-22,1032.9
1977-07-25,1034.9
1977-07-26,1034.3
1977-07-27,1033.0
1977-07-28,1031.6
1977-07-29,1032.3
1977-08-01,1033.4
1977-08-02,1033.5
1977-08-03,1034.3
1977-08-04,1033.8
1977-08-05,1034.4
1977-08-08,1034.5
1977-08-09,1033.7
1977-08-10,1033.8
1977-08-11,1033.8
1977-08-12,1031.2
1977-08-15,1029.9
1977-08-16,1031.1
1977-08-17,1031.6
1977-08-18,1032.1
1977-08-19,1032.0
1977-08-22,1031.4
1977-08-23,1031.6
1977-08-24,1032.1
1977-08-25,1031.6
1977-08-26,1033.8
1977-08-29,1033.3
1977-08-30,1033.6
1977-08-31,1033.2
1977-09-01,1033.4
1977-09-02,1035.9
1977-09-05,
1977-09-06,1034.4
1977-09-07,1035.7
1977-09-08,1034.5
1977-09-09,1035.5
1977-09-12,1035.4
1977-09-13,1035.1
1977-09-14,1035.3
1977-09-15,1035.2
1977-09-16,1036.4
1977-09-19,1036.9
1977-09-20,1038.4
1977-09-21,1038.9
1977-09-22,1039.0
1977-09-23,1038.9
1977-09-26,1040.8
1977-09-27,1040.2
1977-09-28,1040.5
1977-09-29,1040.9
1977-09-30,1041.3
1977-10-03,1042.7
1977-10-04,1042.7
1977-10-05,1041.7
1977-10-06,1040.4
1977-10-07,1042.2
1977-10-10,1043.9
1977-10-11,1045.1
1977-10-12,1044.9
1977-10-13,1044.4
1977-10-14,1047.0
1977-10-17,1049.0
1977-10-18,1047.5
1977-10-19,1045.1
1977-10-20,1047.4
1977-10-21,1049.2
1977-10-24,1051.5
1977-10-25,1051.4
1977-10-26,1049.0
1977-10-27,1046.6
1977-10-28,1046.9
1977-10-31,1047.6
1977-11-01,1048.5
1977-11-02,1048.3
1977-11-03,1051.0
1977-11-04,1053.2
1977-11-07,1051.1
1977-11-08,1052.4
1977-11-09,1053.1
1977-11-10,1053.6
1977-11-11,1053.8
1977-11-14,1049.2
1977-11-15,1048.4
1977-11-16,1043.3
1977-11-17,1045.5
1977-11-18,1046.5
1977-11-21,1040.2
1977-11-22,1040.8
1977-11-23,1043.6
1977-11-24,
1977-11-25,1044.7
1977-11-28,1045.9
1977-11-29,1045.7
1977-11-30,1045.2
1977-12-01,1042.5
1977-12-02,1043.0
1977-12-05,1044.6
1977-12-06,1044.7
1977-12-07,1046.5
1977-12-08,1044.9
1977-12-09,1042.9
1977-12-12,1040.1
1977-12-13,1042.4
1977-12-14,1044.4
1977-12-15,1044.4
1977-12-16,1044.5
1977-12-19,1043.7
1977-12-20,1044.4
1977-12-21,1044.1
1977-12-22,1045.8
1977-12-23,1047.6
1977-12-26,
1977-12-27,1049.1
1977-12-28,1049.1
1977-12-29,1050.6
1977-12-30,1050.4
1978-01-02,
1978-01-03,1055.9
1978-01-04,1050.9
1978-01-05,1053.7
1978-01-06,1054.2
1978-01-09,1056.2
1978-01-10,1055.7
1978-01-11,1057.9
1978-01-12,1055.5
1978-01-13,1058.4
1978-01-16,1059.1
1978-01-17,1056.8
1978-01-18,1055.2
1978-01-19,1056.6
1978-01-20,
1978-01-23,1059.9
1978-01-24,1059.9
1978-01-25,1059.8
1978-01-26,1059.3
1978-01-27,1057.9
1978-01-30,1057.2
1978-01-31,1059.4
1978-02-01,1058.4
1978-02-02,1056.5
1978-02-03,1057.0
1978-02-06,1057.8
1978-02-07,
1978-02-08,1056.1
1978-02-09,1056.7
1978-02-10,1058.4
1978-02-13,1060.2
1978-02-14,1059.7
1978-02-15,1062.5
1978-02-16,1063.1
1978-02-17,1061.8
1978-02-20,
1978-02-21,1063.6
1978-02-22,1062.6
1978-02-23,1065.2
1978-02-24,1062.1
1978-02-27,1063.2
1978-02-28,1065.0
1978-03-01,1064.6
1978-03-02,1065.6
1978-03-03,1065.2
1978-03-06,1067.7
1978-03-07,1069.9
1978-03-08,1071.4
1978-03-09,1068.7
1978-03-10,1069.5
1978-03-13,1070.1
1978-03-14,1066.8
1978-03-15,1064.2
1978-03-16,1066.2
1978-03-17,1062.4
1978-03-20,1056.4
1978-03-21,1057.6
1978-03-22,1060.8
1978-03-23,1061.3
1978-03-24,
1978-03-27,1063.7
1978-03-28,1063.0
1978-03-29,1059.6
1978-03-30,1060.8
1978-03-31,1064.1
1978-04-03,1057.7
1978-04-04,1057.1
1978-04-05,1058.3
1978-04-06,1060.4
1978-04-07,1057.4
1978-04-10,1058.4
1978-04-11,1059.9
1978-04-12,1059.1
1978-04-13,1057.5
1978-04-14,1056.2
1978-04-17,1050.9
1978-04-18,1052.5
1978-04-19,1052.2
1978-04-20,1049.3
1978-04-21,1049.4
1978-04-24,1046.3
1978-04-25,1046.3
1978-04-26,1047.3
1978-04-27,1049.6
1978-04-28,1048.5
1978-05-01,1047.7
1978-05-02,1048.6
1978-05-03,1050.1
1978-05-04,1052.0
1978-05-05,1051.9
1978-05-08,1050.5
1978-05-09,1050.7
1978-05-10,1052.8
1978-05-11,1052.3
1978-05-12,1052.3
1978-05-15,1054.5
1978-05-16,1055.5
1978-05-17,1055.1
1978-05-18,1056.9
1978-05-19,1056.5
1978-05-22,1057.9
1978-05-23,1060.1
1978-05-24,1057.7
1978-05-25,1058.6
1978-05-26,1058.4
1978-05-29,
1978-05-30,1062.5
1978-05-31,1062.9
1978-06-01,1062.6
1978-06-02,1061.0
1978-06-05,1059.8
1978-06-06,1060.1
1978-06-07,1058.4
1978-06-08,1059.7
1978-06-09,1059.2
1978-06-12,1059.0
1978-06-13,1061.3
1978-06-14,1060.8
1978-06-15,1061.7
1978-06-16,1063.4
1978-06-19,1064.3
1978-06-20,1063.7
1978-06-21,1063.6
1978-06-22,1063.9
1978-06-23,1063.4
1978-06-26,1062.4
1978-06-27,1062.4
1978-06-28,1061.9
1978-06-29,1059.6
1978-06-30,1059.3
1978-07-03,1060.5
1978-07-04,
1978-07-05,1060.6
1978-07-06,1059.5
1978-07-07,1062.2
1978-07-10,1063.1
1978-07-11,1062.5
1978-07-12,1063.1
1978-07-13,1062.0
1978-07-14,1062.5
1978-07-17,1060.5
1978-07-18,1061.7
1978-07-19,1063.2
1978-07-20,1068.2
1978-07-21,1072.4
1978-07-24,1069.9
1978-07-25,1071.6
1978-07-26,1071.1
1978-07-27,1074.3
1978-07-28,1076.7
1978-07-31,1079.6
1978-08-01,1077.3
1978-08-02,1078.2
1978-08-03,1075.6
1978-08-04,1079.5
1978-08-07,1082.9
1978-08-08,1083.8
1978-08-09,1080.6
1978-08-10,1085.1
1978-08-11,1085.7
1978-08-14,1090.0
1978-08-15,1087.8
1978-08-16,1087.1
1978-08-17,1081.6
1978-08-18,1082.7
1978-08-21,1082.7
1978-08-22,1079.5
1978-08-23,1077.1
1978-08-24,1074.8
1978-08-25,1072.6
1978-08-28,1072.8
1978-08-29,1081.4
1978-08-30,1081.6
1978-08-31,1080.6
1978-09-01,1085.5
1978-09-04,
1978-09-05,1087.5
1978-09-06,1086.3
1978-09-07,1081.2
1978-09-08,1080.1
1978-09-11,1080.3
1978-09-12,1081.4
1978-09-13,1085.5
1978-09-14,1084.1
1978-09-15,1084.4
1978-09-18,1086.2
1978-09-19,1084.1
1978-09-20,1089.1
1978-09-21,1089.8
1978-09-22,1092.5
1978-09-25,1091.4
1978-09-26,1089.4
1978-09-27,1092.0
1978-09-28,1091.1
1978-09-29,1090.6
1978-10-02,1092.8
1978-10-03,1096.1
1978-10-04,1096.7
1978-10-05,1096.9
1978-10-06,1095.2
1978-10-09,1096.8
1978-10-10,1097.6
1978-10-11,1100.4
1978-10-12,1096.0
1978-10-13,1096.6
1978-10-16,1099.3
1978-10-17,1100.8
1978-10-18,1100.6
1978-10-19,1097.4
1978-10-20,1099.7
1978-10-23,1097.5
1978-10-24,1099.5
1978-10-25,1105.2
1978-10-26,1106.2
1978-10-27,1109.1
1978-10-30,1116.7
1978-10-31,1110.4
1978-11-01,1100.4
1978-11-02,1090.4
1978-11-03,1084.7
1978-11-06,1082.9
1978-11-07,
1978-11-08,1088.0
1978-11-09,1078.2
1978-11-10,1079.9
1978-11-13,1080.9
1978-11-14,1078.7
1978-11-15,1068.8
1978-11-16,1069.0
1978-11-17,1069.7
1978-11-20,1067.6
1978-11-21,1067.2
1978-11-22,1070.8
1978-11-23,
1978-11-24,
1978-11-27,1066.2
1978-11-28,1062.0
1978-11-29,1061.2
1978-11-30,1062.2
1978-12-01,1065.9
1978-12-04,1065.7
1978-12-05,1064.9
1978-12-06,1066.7
1978-12-07,1068.0
1978-12-08,1073.4
1978-12-11,1072.0
1978-12-12,1074.1
1978-12-13,1070.4
1978-12-14,1072.9
1978-12-15,1073.9
1978-12-18,1083.4
1978-12-19,1089.5
1978-12-20,1083.4
1978-12-21,1083.4
1978-12-22,1082.5
1978-12-25,
1978-12-26,1087.4
1978-12-27,1090.6
1978-12-28,1090.9
1978-12-29,1094.8
1979-01-01,
1979-01-02,1089.9
1979-01-03,1088.8
1979-01-04,1092.7
1979-01-05,1090.6
1979-01-08,1092.5
1979-01-09,1087.8
1979-01-10,1089.2
1979-01-11,1084.4
1979-01-12,1085.2
1979-01-15,1085.8
1979-01-16,1092.1
1979-01-17,1093.2
1979-01-18,1096.6
1979-01-19,1098.4
1979-01-22,1097.1
1979-01-23,1099.1
1979-01-24,1104.2
1979-01-25,1100.4
1979-01-26,1101.5
1979-01-29,1097.3
1979-01-30,1099.1
1979-01-31,1097.6
1979-02-01,1096.2
1979-02-02,1103.7
1979-02-05,1111.9
1979-02-06,1108.4
1979-02-07,1118.4
1979-02-08,1108.4
1979-02-09,1108.6
1979-02-12,1109.9
1979-02-13,1103.1
1979-02-14,1110.3
1979-02-15,1109.6
1979-02-16,1112.0
1979-02-19,
1979-02-20,1114.2
1979-02-21,1114.1
1979-02-22,1115.4
1979-02-23,1117.3
1979-02-26,1109.1
1979-02-27,1112.7
1979-02-28,1114.4
1979-03-01,1113.5
1979-03-02,1104.4
1979-03-05,1097.7
1979-03-06,1100.8
1979-03-07,1103.6
1979-03-08,1101.2
1979-03-09,1102.8
1979-03-12,1101.2
1979-03-13,1101.3
1979-03-14,1101.3
1979-03-15,1105.2
1979-03-16,1104.9
1979-03-19,1105.3
1979-03-20,1100.6
1979-03-21,1104.3
1979-03-22,1103.5
1979-03-23,1103.3
1979-03-26,1107.9
1979-03-27,1104.5
1979-03-28,1103.8
1979-03-29,1100.8
1979-03-30,1100.7
1979-04-02,1100.7
1979-04-03,1099.7
1979-04-04,1102.2
1979-04-05,1100.4
1979-04-06,1101.2
1979-04-09,1100.1
1979-04-10,1099.3
1979-04-11,1092.2
1979-04-12,1092.5
1979-04-13,
1979-04-16,1090.0
1979-04-17,1092.5
1979-04-18,1099.4
1979-04-19,1097.4
1979-04-20,1095.9
1979-04-23,1100.7
1979-04-24,1101.1
1979-04-25,1102.3
1979-04-26,1102.0
1979-04-27,1105.4
1979-04-30,1106.1
1979-05-01,1104.7
1979-05-02,1105.4
1979-05-03,1106.4
1979-05-04,1107.2
1979-05-07,1108.6
1979-05-08,1104.6
1979-05-09,1109.2
1979-05-10,1109.5
1979-05-11,1106.7
1979-05-14,1111.1
1979-05-15,1112.7
1979-05-16,1115.6
1979-05-17,1116.6
1979-05-18,1116.9
1979-05-21,1124.6
1979-05-22,1122.7
1979-05-23,1121.6
1979-05-24,1122.5
1979-05-25,1127.4
1979-05-28,
1979-05-29,1126.5
1979-05-30,1128.4
1979-05-31,1133.2
1979-06-01,1128.9
1979-06-04,1131.9
1979-06-05,1136.0
1979-06-06,1136.4
1979-06-07,1133.6
1979-06-08,1136.6
1979-06-11,1136.6
1979-06-12,1131.2
1979-06-13,1134.7
1979-06-14,1132.9
1979-06-15,1135.0
1979-06-18,1133.1
1979-06-19,1137.2
1979-06-20,1134.8
1979-06-21,1136.7
1979-06-22,1136.8
1979-06-25,1138.8
1979-06-26,1134.0
1979-06-27,1132.1
1979-06-28,1132.3
1979-06-29,1135.9
1979-07-02,1136.4
1979-07-03,1138.3
1979-07-04,
1979-07-05,1145.5
1979-07-06,1143.5
1979-07-09,1145.6
1979-07-10,1144.9
1979-07-11,1145.8
1979-07-12,1143.9
1979-07-13,1143.4
1979-07-16,1149.9
1979-07-17,1151.8
1979-07-18,1154.5
1979-07-19,1154.1
1979-07-20,1155.4
1979-07-23,1158.9
1979-07-24,1160.2
1979-07-25,1158.0
1979-07-26,1158.7
1979-07-27,1158.9
1979-07-30,1148.9
1979-07-31,1138.9
1979-08-01,1142.7
1979-08-02,1137.6
1979-08-03,1137.9
1979-08-06,1132.7
1979-08-07,1136.5
1979-08-08,1145.2
1979-08-09,1151.2
1979-08-10,1154.7
1979-08-13,1148.0
1979-08-14,1150.7
1979-08-15,1151.4
1979-08-16,1152.0
1979-08-17,1149.0
1979-08-20,1148.6
1979-08-21,1157.5
1979-08-22,1161.5
1979-08-23,1165.7
1979-08-24,1161.7
1979-08-27,1164.7
1979-08-28,1167.5
1979-08-29,1166.7
1979-08-30,1169.9
1979-08-31,1167.5
1979-09-03,
1979-09-04,1171.2
1979-09-05,1181.2
1979-09-06,1179.5
1979-09-07,1186.7
1979-09-10,1189.2
1979-09-11,1186.3
1979-09-12,1183.6
1979-09-13,1193.0
1979-09-14,1194.2
1979-09-17,1204.2
1979-09-18,1214.2
1979-09-19,1224.6
1979-09-20,1221.3
1979-09-21,1224.0
1979-09-24,1223.0
1979-09-25,1220.8
1979-09-26,1228.8
1979-09-27,1247.8
1979-09-28,1244.3
1979-10-01,1264.3
1979-10-02,1260.8
1979-10-03,1242.3
1979-10-04,1222.3
1979-10-05,1232.8
1979-10-08,1214.3
1979-10-09,1239.3
1979-10-10,1264.3
1979-10-11,1235.8
1979-10-12,1243.8
1979-10-15,1246.8
1979-10-16,1235.8
1979-10-17,1232.8
1979-10-18,1233.3
1979-10-19,1239.8
1979-10-22,1236.6
1979-10-23,1232.3
1979-10-24,1242.3
1979-10-25,1234.5
1979-10-26,1217.5
1979-10-29,1219.3
1979-10-30,1223.3
1979-10-31,1225.5
1979-11-01,1211.8
1979-11-02,1218.3
1979-11-05,1223.1
1979-11-06,1237.3
1979-11-07,1235.8
1979-11-08,1233.8
1979-11-09,1231.0
1979-11-12,1236.8
1979-11-13,1226.8
1979-11-14,1232.2
1979-11-15,1228.1
1979-11-16,1231.0
1979-11-19,1228.5
1979-11-20,1233.6
1979-11-21,1234.5
1979-11-22,
1979-11-23,1235.0
1979-11-26,1230.5
1979-11-27,1238.1
1979-11-28,1252.0
1979-11-29,1249.0
1979-11-30,1260.0
1979-12-03,1273.2
1979-12-04,1268.0
1979-12-05,1273.5
1979-12-06,1266.2
1979-12-07,1265.5
1979-12-10,1275.5
1979-12-11,1289.5
1979-12-12,1288.8
1979-12-13,1301.5
1979-12-14,1304.0
1979-12-17,1308.5
1979-12-18,1321.5
1979-12-19,1309.5
1979-12-20,1310.5
1979-12-21,1325.0
1979-12-24,
1979-12-25,
1979-12-26,1343.8
1979-12-27,1353.0
1979-12-28,1354.5
1979-12-31,1370.5
1980-01-01,
1980-01-02,1395.5
1980-01-03,1420.5
1980-01-04,1440.5
1980-01-07,1463.5
1980-01-08,1438.5
1980-01-09,1434.5
1980-01-10,1432.5
1980-01-11,1457.5
1980-01-14,1482.5
1980-01-15,1520.0
1980-01-16,1570.0
1980-01-17,1620.0
1980-01-18,1652.5
1980-01-21,1702.5
1980-01-22,1652.5
1980-01-23,1602.5
1980-01-24,1552.5
1980-01-25,1502.5
1980-01-28,1479.1
1980-01-29,1529.1
1980-01-30,1510.1
1980-01-31,1532.1
1980-02-01,1535.3
1980-02-04,1507.3
1980-02-05,1532.3
1980-02-06,1557.3
1980-02-07,1548.3
1980-02-08,1557.6
1980-02-11,1573.3
1980-02-12,1564.5
1980-02-13,1553.8
1980-02-14,1530.2
1980-02-15,1516.0
1980-02-18,
1980-02-19,1491.0
1980-02-20,1504.1
1980-02-21,1501.6
1980-02-22,1476.6
1980-02-25,1492.9
1980-02-26,1467.9
1980-02-27,1473.2
1980-02-28,1486.6
1980-02-29,1475.4
1980-03-03,1475.6
1980-03-04,1489.0
1980-03-05,1483.6
1980-03-06,1458.6
1980-03-07,1438.1
1980-03-10,1400.6
1980-03-11,1394.5
1980-03-12,1403.6
1980-03-13,1366.1
1980-03-14,1344.6
1980-03-17,1294.6
1980-03-18,1295.1
1980-03-19,1345.1
1980-03-20,1349.5
1980-03-21,1377.1
1980-03-24,1364.1
1980-03-25,1340.8
1980-03-26,1315.8
1980-03-27,1290.8
1980-03-28,1316.5
1980-03-31,1312.9
1980-04-01,1308.0
1980-04-02,1298.3
1980-04-03,1292.1
1980-04-04,
1980-04-07,1317.1
1980-04-08,1342.1
1980-04-09,1345.0
1980-04-10,1339.0
1980-04-11,1336.4
1980-04-14,1311.4
1980-04-15,1318.2
1980-04-16,1302.4
1980-04-17,1307.3
1980-04-18,1304.9
1980-04-21,1279.9
1980-04-22,1291.1
1980-04-23,1296.6
1980-04-24,1321.6
1980-04-25,1332.8
1980-04-28,1307.8
1980-04-29,1310.7
1980-04-30,1286.0
1980-05-01,1297.6
1980-05-02,1295.2
1980-05-05,1300.1
1980-05-06,1284.3
1980-05-07,1290.1
1980-05-08,1284.6
1980-05-09,1288.2
1980-05-12,1281.1
1980-05-13,1292.6
1980-05-14,1297.8
1980-05-15,1286.4
1980-05-16,1285.8
1980-05-19,1281.4
1980-05-20,1281.9
1980-05-21,1275.2
1980-05-22,1282.5
1980-05-23,1277.8
1980-05-26,
1980-05-27,1295.4
1980-05-28,1291.2
1980-05-29,1300.2
1980-05-30,1318.3
1980-06-02,1340.7
1980-06-03,1323.7
1980-06-04,1358.7
1980-06-05,1363.4
1980-06-06,1382.3
1980-06-09,1400.3
1980-06-10,1375.3
1980-06-11,1358.1
1980-06-12,1373.8
1980-06-13,1376.6
1980-06-16,1361.0
1980-06-17,1369.6
1980-06-18,1366.4
1980-06-19,1376.4
1980-06-20,1373.1
1980-06-23,1373.4
1980-06-24,1388.7
1980-06-25,1389.6
1980-06-26,1399.3
1980-06-27,1424.3
1980-06-30,1422.4
1980-07-01,1445.2
1980-07-02,1436.3
1980-07-03,1445.8
1980-07-04,
1980-07-07,1455.5
1980-07-08,1448.4
1980-07-09,1436.0
1980-07-10,1440.4
1980-07-11,1439.2
1980-07-14,1414.1
1980-07-15,1389.1
1980-07-16,1394.8
1980-07-17,1385.6
1980-07-18,1378.1
1980-07-21,1377.7
1980-07-22,1402.7
1980-07-23,1398.7
1980-07-24,1406.7
1980-07-25,1420.6
1980-07-28,1415.8
1980-07-29,1403.6
1980-07-30,1378.6
1980-07-31,1384.6
1980-08-01,1382.6
1980-08-04,1392.6
1980-08-05,1392.1
1980-08-06,1396.6
1980-08-07,1398.6
1980-08-08,1389.6
1980-08-11,1365.6
1980-08-12,1375.6
1980-08-13,1377.6
1980-08-14,1390.0
1980-08-15,1377.6
1980-08-18,1383.1
1980-08-19,1384.6
1980-08-20,1409.6
1980-08-21,1401.6
1980-08-22,1400.6
1980-08-25,1385.9
1980-08-26,1393.6
1980-08-27,1396.1
1980-08-28,1396.6
1980-08-29,1398.6
1980-09-01,
1980-09-02,1402.6
1980-09-03,1400.6
1980-09-04,1415.6
1980-09-05,1412.6
1980-09-08,1437.6
1980-09-09,1436.1
1980-09-10,1446.1
1980-09-11,1456.1
1980-09-12,1446.6
1980-09-15,1427.6
1980-09-16,1442.6
1980-09-17,1434.6
1980-09-18,1435.6
1980-09-19,1450.6
1980-09-22,1475.6
1980-09-23,1474.1
1980-09-24,1472.1
1980-09-25,1471.1
1980-09-26,1446.1
1980-09-29,1421.1
1980-09-30,1431.1
1980-10-01,1439.1
1980-10-02,1427.6
1980-10-03,1427.1
1980-10-06,1436.1
1980-10-07,1430.6
1980-10-08,1432.6
1980-10-09,1442.1
1980-10-10,1442.6
1980-10-13,1434.3
1980-10-14,1434.1
1980-10-15,1428.6
1980-10-16,1420.1
1980-10-17,1407.6
1980-10-20,1409.6
1980-10-21,1410.6
1980-10-22,1402.6
1980-10-23,1377.6
1980-10-24,1381.6
1980-10-27,1383.1
1980-10-28,1384.6
1980-10-29,1387.6
1980-10-30,1390.1
1980-10-31,1384.6
1980-11-03,1397.6
1980-11-04,
1980-11-05,1385.6
1980-11-06,1360.6
1980-11-07,1349.6
1980-11-10,1352.1
1980-11-11,1359.6
1980-11-12,1361.1
1980-11-13,1353.6
1980-11-14,1363.6
1980-11-17,1359.6
1980-11-18,1364.1
1980-11-19,1377.2
1980-11-20,1389.5
1980-11-21,1383.4
1980-11-24,1361.9
1980-11-25,1372.2
1980-11-26,1366.9
1980-11-27,
1980-11-28,1368.9
1980-12-01,1371.4
1980-12-02,1365.9
1980-12-03,1371.7
1980-12-04,1363.9
1980-12-05,1362.4
1980-12-08,1354.8
1980-12-09,1332.4
1980-12-10,1307.4
1980-12-11,1282.4
1980-12-12,1311.4
1980-12-15,1311.9
1980-12-16,1304.4
1980-12-17,1312.4
1980-12-18,1307.4
1980-12-19,1331.9
1980-12-22,1328.4
1980-12-23,1340.4
1980-12-24,1341.4
1980-12-25,
1980-12-26,
1980-12-29,1319.4
1980-12-30,1319.4
1980-12-31,1323.9
1981-01-01,
1981-01-02,1318.9
1981-01-05,1325.9
1981-01-06,1329.4
1981-01-07,1304.4
1981-01-08,1301.9
1981-01-09,1305.4
1981-01-12,1290.9
1981-01-13,1289.9
1981-01-14,1297.9
1981-01-15,1286.4
1981-01-16,1291.9
1981-01-19,1289.9
1981-01-20,1295.4
1981-01-21,1292.4
1981-01-22,1281.2
1981-01-23,1276.1
1981-01-26,1251.1
1981-01-27,1241.6
1981-01-28,1228.1
1981-01-29,1234.9
1981-01-30,1218.2
1981-02-02,1197.5
1981-02-03,1210.2
1981-02-04,1205.3
1981-02-05,1215.5
1981-02-06,1219.9
1981-02-09,1233.7
1981-02-10,1223.8
1981-02-11,1213.1
1981-02-12,1210.0
1981-02-13,1207.0
1981-02-16,
1981-02-17,1213.4
1981-02-18,1206.8
1981-02-19,1222.2
1981-02-20,1221.1
1981-02-23,1211.4
1981-02-24,1217.3
1981-02-25,1210.1
1981-02-26,1204.9
1981-02-27,1191.9
1981-03-02,1168.7
1981-03-03,1179.8
1981-03-04,1164.1
1981-03-05,1169.6
1981-03-06,1170.2
1981-03-09,1178.6
1981-03-10,1189.1
1981-03-11,1181.4
1981-03-12,1188.7
1981-03-13,1192.4
1981-03-16,1199.4
1981-03-17,1213.0
1981-03-18,1212.4
1981-03-19,1215.3
1981-03-20,1240.3
1981-03-23,1231.1
1981-03-24,1241.5
1981-03-25,1236.9
1981-03-26,1251.3
1981-03-27,1235.4
1981-03-30,1217.4
1981-03-31,1218.4
1981-04-01,1220.9
1981-04-02,1221.4
1981-04-03,1225.4
1981-04-06,1230.9
1981-04-07,1215.4
1981-04-08,1217.4
1981-04-09,1194.4
1981-04-10,1188.9
1981-04-13,1179.9
1981-04-14,1184.9
1981-04-15,1175.2
1981-04-16,1188.4
1981-04-17,
1981-04-20,1188.6
1981-04-21,1190.4
1981-04-22,1188.9
1981-04-23,1190.9
1981-04-24,1184.2
1981-04-27,1183.9
1981-04-28,1182.7
1981-04-29,1177.4
1981-04-30,1181.9
1981-05-01,1188.9
1981-05-04,1179.4
1981-05-05,1179.4
1981-05-06,1177.4
1981-05-07,1179.9
1981-05-08,1189.4
1981-05-11,1180.9
1981-05-12,1184.4
1981-05-13,1174.9
1981-05-14,1179.4
1981-05-15,1172.4
1981-05-18,1177.9
1981-05-19,1171.4
1981-05-20,1175.6
1981-05-21,1160.0
1981-05-22,1162.7
1981-05-25,
1981-05-26,1156.8
1981-05-27,1161.9
1981-05-28,1172.6
1981-05-29,1170.5
1981-06-01,1165.2
1981-06-02,1164.6
1981-06-03,1158.9
1981-06-04,1153.2
1981-06-05,1139.5
1981-06-08,1150.2
1981-06-09,1145.9
1981-06-10,1153.7
1981-06-11,1152.6
1981-06-12,1152.6
1981-06-15,1148.1
1981-06-16,1148.6
1981-06-17,1145.2
1981-06-18,1143.5
1981-06-19,1144.2
1981-06-22,1148.9
1981-06-23,1147.6
1981-06-24,1136.9
1981-06-25,1127.0
1981-06-26,1123.0
1981-06-29,1107.4
1981-06-30,1103.9
1981-07-01,1094.3
1981-07-02,1091.7
1981-07-03,
1981-07-06,1078.8
1981-07-07,1084.7
1981-07-08,1082.4
1981-07-09,1091.2
1981-07-10,1097.7
1981-07-13,1084.4
1981-07-14,1090.0
1981-07-15,1089.7
1981-07-16,1093.3
1981-07-17,1096.2
1981-07-20,1087.0
1981-07-21,1087.5
1981-07-22,1084.0
1981-07-23,1084.7
1981-07-24,1084.0
1981-07-27,1077.2
1981-07-28,1082.1
1981-07-29,1078.8
1981-07-30,1079.2
1981-07-31,1078.0
1981-08-03,1061.7
1981-08-04,1063.8
1981-08-05,1064.5
1981-08-06,1073.1
1981-08-07,1069.6
1981-08-10,1070.3
1981-08-11,1083.4
1981-08-12,1077.4
1981-08-13,1083.3
1981-08-14,1084.6
1981-08-17,1087.0
1981-08-18,1109.1
1981-08-19,1108.9
1981-08-20,1101.4
1981-08-21,1105.6
1981-08-24,1086.5
1981-08-25,1081.0
1981-08-26,1083.9
1981-08-27,1088.9
1981-08-28,1097.6
1981-08-31,1096.1
1981-09-01,1097.1
1981-09-02,1104.2
1981-09-03,1113.8
1981-09-04,1107.0
1981-09-07,
1981-09-08,1100.5
1981-09-09,1114.9
1981-09-10,1115.8
1981-09-11,1121.4
1981-09-14,1127.8
1981-09-15,1120.6
1981-09-16,1117.9
1981-09-17,1108.8
1981-09-18,1117.3
1981-09-21,1134.3
1981-09-22,1127.3
1981-09-23,1121.8
1981-09-24,1111.8
1981-09-25,1093.8
1981-09-28,1094.1
1981-09-29,1093.8
1981-09-30,1095.3
1981-10-01,1092.3
1981-10-02,1099.8
1981-10-05,1097.8
1981-10-06,1113.8
1981-10-07,1105.8
1981-10-08,1109.8
1981-10-09,1109.3
1981-10-12,1104.3
1981-10-13,1108.3
1981-10-14,1104.3
1981-10-15,1102.5
1981-10-16,1099.8
1981-10-19,1095.0
1981-10-20,1089.8
1981-10-21,1090.3
1981-10-22,1091.5
1981-10-23,1088.3
1981-10-26,1082.1
1981-10-27,1087.6
1981-10-28,1080.3
1981-10-29,1085.6
1981-10-30,1083.5
1981-11-02,1084.8
1981-11-03,1086.5
1981-11-04,1085.6
1981-11-05,1083.5
1981-11-06,1083.2
1981-11-09,1075.8
1981-11-10,1066.8
1981-11-11,1064.4
1981-11-12,1066.3
1981-11-13,1067.5
1981-11-16,1053.7
1981-11-17,1057.3
1981-11-18,1049.8
1981-11-19,1051.7
1981-11-20,1048.9
1981-11-23,1044.2
1981-11-24,1052.3
1981-11-25,1063.3
1981-11-26,
1981-11-27,1064.1
1981-11-30,1057.6
1981-12-01,1056.3
1981-12-02,1073.3
1981-12-03,1072.3
1981-12-04,1073.3
1981-12-07,1068.3
1981-12-08,1060.1
1981-12-09,1061.1
1981-12-10,1057.8
1981-12-11,1056.8
1981-12-14,1063.8
1981-12-15,1067.3
1981-12-16,1072.6
1981-12-17,1066.6
1981-12-18,1062.5
1981-12-21,1050.1
1981-12-22,1052.7
1981-12-23,1052.3
1981-12-24,1050.6
1981-12-25,
1981-12-28,1041.5
1981-12-29,1043.3
1981-12-30,1047.3
1981-12-31,1047.1
1982-01-01,
1982-01-04,1051.6
1982-01-05,1049.9
1982-01-06,1047.3
1982-01-07,1046.3
1982-01-08,1041.8
1982-01-11,1032.3
1982-01-12,1034.3
1982-01-13,1023.9
1982-01-14,1022.9
1982-01-15,1016.3
1982-01-18,1021.3
1982-01-19,1015.5
1982-01-20,1019.4
1982-01-21,1021.6
1982-01-22,1024.1
1982-01-25,1021.3
1982-01-26,1022.4
1982-01-27,1029.9
1982-01-28,1030.7
1982-01-29,1029.9
1982-02-01,1027.8
1982-02-02,1023.3
1982-02-03,1025.4
1982-02-04,1032.5
1982-02-05,1030.9
1982-02-08,1025.8
1982-02-09,1026.7
1982-02-10,1030.4
1982-02-11,1023.0
1982-02-12,1023.7
1982-02-15,
1982-02-16,1020.8
1982-02-17,1020.0
1982-02-18,1012.8
1982-02-19,1007.8
1982-02-22,1006.8
1982-02-23,1005.3
1982-02-24,1010.0
1982-02-25,1007.4
1982-02-26,1002.0
1982-03-01,1003.3
1982-03-02,999.0
1982-03-03,991.3
1982-03-04,983.7
1982-03-05,972.9
1982-03-08,967.3
1982-03-09,972.6
1982-03-10,975.7
1982-03-11,966.7
1982-03-12,956.0
1982-03-15,962.8
1982-03-16,951.1
1982-03-17,955.8
1982-03-18,961.8
1982-03-19,954.3
1982-03-22,961.1
1982-03-23,963.4
1982-03-24,971.1
1982-03-25,963.1
1982-03-26,958.7
1982-03-29,960.0
1982-03-30,956.0
1982-03-31,963.7
1982-04-01,962.3
1982-04-02,966.3
1982-04-05,982.8
1982-04-06,996.5
1982-04-07,986.5
1982-04-08,995.5
1982-04-09,
1982-04-12,987.0
1982-04-13,992.2
1982-04-14,1005.5
1982-04-15,1001.3
1982-04-16,995.5
1982-04-19,976.0
1982-04-20,980.0
1982-04-21,978.6
1982-04-22,979.1
1982-04-23,986.2
1982-04-26,986.0
1982-04-27,989.5
1982-04-28,988.6
1982-04-29,990.0
1982-04-30,976.0
1982-05-03,978.5
1982-05-04,976.0
1982-05-05,969.3
1982-05-06,964.5
1982-05-07,966.0
1982-05-10,961.0
1982-05-11,965.3
1982-05-12,964.5
1982-05-13,963.0
1982-05-14,969.5
1982-05-17,965.7
1982-05-18,971.6
1982-05-19,972.4
1982-05-20,973.7
1982-05-21,966.5
1982-05-24,957.9
1982-05-25,958.7
1982-05-26,953.7
1982-05-27,955.3
1982-05-28,950.9
1982-05-31,
1982-06-01,945.8
1982-06-02,948.6
1982-06-03,945.6
1982-06-04,947.6
1982-06-07,965.0
1982-06-08,959.9
1982-06-09,955.7
1982-06-10,955.1
1982-06-11,955.5
1982-06-14,944.8
1982-06-15,943.3
1982-06-16,943.7
1982-06-17,934.5
1982-06-18,930.8
1982-06-21,927.2
1982-06-22,923.8
1982-06-23,933.4
1982-06-24,929.9
1982-06-25,932.9
1982-06-28,936.5
1982-06-29,940.7
1982-06-30,940.5
1982-07-01,938.9
1982-07-02,937.4
1982-07-05,
1982-07-06,933.6
1982-07-07,935.7
1982-07-08,947.0
1982-07-09,970.6
1982-07-12,966.1
1982-07-13,982.6
1982-07-14,972.2
1982-07-15,968.5
1982-07-16,974.3
1982-07-19,969.0
1982-07-20,982.9
1982-07-21,978.7
1982-07-22,981.9
1982-07-23,983.5
1982-07-26,977.6
1982-07-27,974.1
1982-07-28,960.9
1982-07-29,959.5
1982-07-30,963.5
1982-08-02,974.3
1982-08-03,966.3
1982-08-04,971.4
1982-08-05,965.2
1982-08-06,963.7
1982-08-09,954.9
1982-08-10,951.9
1982-08-11,953.1
1982-08-12,957.3
1982-08-13,953.7
1982-08-16,957.5
1982-08-17,963.6
1982-08-18,978.0
1982-08-19,993.5
1982-08-20,1005.1
1982-08-23,1017.8
1982-08-24,1022.1
1982-08-25,1025.8
1982-08-26,1045.6
1982-08-27,1021.4
1982-08-30,1027.8
1982-08-31,1026.7
1982-09-01,1023.8
1982-09-02,1048.8
1982-09-03,1073.8
1982-09-06,
1982-09-07,1088.2
1982-09-08,1103.7
1982-09-09,1078.7
1982-09-10,1058.9
1982-09-13,1063.9
1982-09-14,1054.0
1982-09-15,1061.4
1982-09-16,1060.8
1982-09-17,1050.0
1982-09-20,1043.0
1982-09-21,1054.0
1982-09-22,1052.5
1982-09-23,1054.3
1982-09-24,1031.3
1982-09-27,1019.0
1982-09-28,1027.5
1982-09-29,1007.0
1982-09-30,1011.8
1982-10-01,1020.0
1982-10-04,999.5
1982-10-05,1005.4
1982-10-06,1010.8
1982-10-07,1035.8
1982-10-08,1031.5
1982-10-11,1056.5
1982-10-12,1050.5
1982-10-13,1067.0
1982-10-14,1052.5
1982-10-15,1040.0
1982-10-18,1046.5
1982-10-19,1034.0
1982-10-20,1044.0
1982-10-21,1034.5
1982-10-22,1042.5
1982-10-25,1027.5
1982-10-26,1033.7
1982-10-27,1032.0
1982-10-28,1029.7
1982-10-29,1030.0
1982-11-01,1039.5
1982-11-02,
1982-11-03,1033.0
1982-11-04,1036.3
1982-11-05,1026.0
1982-11-08,1014.5
1982-11-09,1021.0
1982-11-10,1012.0
1982-11-11,1013.0
1982-11-12,1017.5
1982-11-15,1013.5
1982-11-16,1018.5
1982-11-17,1015.5
1982-11-18,1020.2
1982-11-19,1021.8
1982-11-22,1012.8
1982-11-23,1012.0
1982-11-24,1018.0
1982-11-25,
1982-11-26,1034.5
1982-11-29,1041.2
1982-11-30,1049.6
1982-12-01,1042.3
1982-12-02,1050.1
1982-12-03,1048.4
1982-12-06,1052.6
1982-12-07,1059.1
1982-12-08,1045.1
1982-12-09,1049.8
1982-12-10,1042.1
1982-12-13,1050.1
1982-12-14,1037.4
1982-12-15,1044.3
1982-12-16,1046.6
1982-12-17,1044.8
1982-12-20,1047.5
1982-12-21,1056.1
1982-12-22,1048.6
1982-12-23,1051.4
1982-12-24,
1982-12-27,1062.8
1982-12-28,1060.6
1982-12-29,1066.1
1982-12-30,1053.6
1982-12-31,
1983-01-03,1054.0
1983-01-04,1057.3
1983-01-05,1061.6
1983-01-06,1057.1
1983-01-07,1070.1
1983-01-10,1083.8
1983-01-11,1083.0
1983-01-12,1093.2
1983-01-13,1090.6
1983-01-14,1090.6
1983-01-17,1093.1
1983-01-18,1104.4
1983-01-19,1090.1
1983-01-20,1093.1
1983-01-21,1085.8
1983-01-24,1083.5
1983-01-25,1091.5
1983-01-26,1092.8
1983-01-27,1098.1
1983-01-28,1096.9
1983-01-31,1112.5
1983-02-01,1105.8
1983-02-02,1109.4
1983-02-03,1098.2
1983-02-04,1095.1
1983-02-07,1095.1
1983-02-08,1093.3
1983-02-09,1092.3
1983-02-10,1103.5
1983-02-11,1104.0
1983-02-14,1108.2
1983-02-15,1105.5
1983-02-16,1104.9
1983-02-17,1101.9
1983-02-18,1104.3
1983-02-21,
1983-02-22,1079.3
1983-02-23,1064.7
1983-02-24,1066.8
1983-02-25,1041.8
1983-02-28,1016.8
1983-03-01,1007.3
1983-03-02,1028.3
1983-03-03,1025.3
1983-03-04,1011.9
1983-03-07,1021.6
1983-03-08,1016.6
1983-03-09,1018.6
1983-03-10,1025.4
1983-03-11,1021.6
1983-03-14,1031.0
1983-03-15,1020.2
1983-03-16,1011.7
1983-03-17,1013.0
1983-03-18,1008.7
1983-03-21,1013.3
1983-03-22,1011.8
1983-03-23,1010.8
1983-03-24,1002.7
1983-03-25,1006.7
1983-03-28,1004.5
1983-03-29,1008.5
1983-03-30,1005.8
1983-03-31,1008.3
1983-04-01,
1983-04-04,1019.8
1983-04-05,1021.1
1983-04-06,1021.8
1983-04-07,1017.3
1983-04-08,1013.5
1983-04-11,1023.1
1983-04-12,1023.3
1983-04-13,1023.7
1983-04-14,1029.3
1983-04-15,1028.5
1983-04-18,1036.1
1983-04-19,1023.8
1983-04-20,1029.3
1983-04-21,1026.0
1983-04-22,1029.6
1983-04-25,1027.1
1983-04-26,1028.6
1983-04-27,1021.3
1983-04-28,1020.5
1983-04-29,1019.8
1983-05-02,1018.6
1983-05-03,1022.7
1983-05-04,1024.0
1983-05-05,1021.1
1983-05-06,1025.8
1983-05-09,1030.1
1983-05-10,1031.6
1983-05-11,1032.0
1983-05-12,1026.7
1983-05-13,1029.1
1983-05-16,1026.5
1983-05-17,1030.6
1983-05-18,1027.5
1983-05-19,1025.6
1983-05-20,1024.3
1983-05-23,1025.5
1983-05-24,1024.2
1983-05-25,1027.1
1983-05-26,1024.4
1983-05-27,1022.7
1983-05-30,
1983-05-31,998.4
1983-06-01,991.2
1983-06-02,997.5
1983-06-03,997.7
1983-06-06,987.1
1983-06-07,989.6
1983-06-08,987.8
1983-06-09,997.9
1983-06-10,992.3
1983-06-13,998.4
1983-06-14,996.0
1983-06-15,993.7
1983-06-16,999.6
1983-06-17,997.7
1983-06-20,1000.3
1983-06-21,1002.9
1983-06-22,1004.3
1983-06-23,1005.4
1983-06-24,1007.0
1983-06-27,999.0
1983-06-28,997.5
1983-06-29,999.3
1983-06-30,998.3
1983-07-01,1001.1
1983-07-04,
1983-07-05,995.9
1983-07-06,995.4
1983-07-07,1012.9
1983-07-08,1010.7
1983-07-11,1013.2
1983-07-12,1010.5
1983-07-13,1006.9
1983-07-14,1002.6
1983-07-15,1002.0
1983-07-18,1006.5
1983-07-19,1005.0
1983-07-20,1010.5
1983-07-21,1004.0
1983-07-22,1006.0
1983-07-25,1008.7
1983-07-26,1007.2
1983-07-27,1005.5
1983-07-28,1005.6
1983-07-29,992.9
1983-08-01,992.2
1983-08-02,993.6
1983-08-03,994.8
1983-08-04,990.1
1983-08-05,992.5
1983-08-08,990.9
1983-08-09,988.7
1983-08-10,990.5
1983-08-11,989.3
1983-08-12,991.8
1983-08-15,998.4
1983-08-16,997.9
1983-08-17,999.7
1983-08-18,998.4
1983-08-19,995.9
1983-08-22,1003.2
1983-08-23,1002.4
1983-08-24,999.0
1983-08-25,994.3
1983-08-26,996.4
1983-08-29,994.2
1983-08-30,994.2
1983-08-31,990.6
1983-09-01,991.6
1983-09-02,992.8
1983-09-05,
1983-09-06,988.2
1983-09-07,989.9
1983-09-08,990.3
1983-09-09,988.8
1983-09-12,980.3
1983-09-13,982.0
1983-09-14,982.8
1983-09-15,979.5
1983-09-16,985.0
1983-09-19,987.8
1983-09-20,985.5
1983-09-21,985.4
1983-09-22,985.8
1983-09-23,989.9
1983-09-26,988.2
1983-09-27,986.5
1983-09-28,983.9
1983-09-29,977.8
1983-09-30,974.1
1983-10-03,962.7
1983-10-04,965.1
1983-10-05,968.6
1983-10-06,966.8
1983-10-07,971.6
1983-10-10,974.7
1983-10-11,969.3
1983-10-12,968.1
1983-10-13,970.0
1983-10-14,970.0
1983-10-17,967.9
1983-10-18,966.6
1983-10-19,961.1
1983-10-20,963.8
1983-10-21,963.1
1983-10-24,968.1
1983-10-25,967.1
1983-10-26,955.6
1983-10-27,955.3
1983-10-28,956.1
1983-10-31,945.1
1983-11-01,947.1
1983-11-02,951.8
1983-11-03,951.3
1983-11-04,948.6
1983-11-07,949.7
1983-11-08,949.3
1983-11-09,949.8
1983-11-10,949.7
1983-11-11,952.0
1983-11-14,950.4
1983-11-15,950.5
1983-11-16,942.6
1983-11-17,944.5
1983-11-18,942.6
1983-11-21,943.0
1983-11-22,942.5
1983-11-23,942.0
1983-11-24,
1983-11-25,943.6
1983-11-28,962.0
1983-11-29,964.1
1983-11-30,969.3
1983-12-01,967.2
1983-12-02,964.4
1983-12-05,964.8
1983-12-06,964.7
1983-12-07,969.1
1983-12-08,954.3
1983-12-09,953.7
1983-12-12,955.8
1983-12-13,955.6
1983-12-14,953.7
1983-12-15,945.4
1983-12-16,937.3
1983-12-19,937.6
1983-12-20,943.7
1983-12-21,942.0
1983-12-22,946.0
1983-12-23,943.9
1983-12-26,
1983-12-27,943.2
1983-12-28,941.9
1983-12-29,945.8
1983-12-30,948.3
1984-01-02,
1984-01-03,942.0
1984-01-04,940.0
1984-01-05,938.0
1984-01-06,930.3
1984-01-09,928.0
1984-01-10,930.5
1984-01-11,933.2
1984-01-12,932.1
1984-01-13,932.8
1984-01-16,931.6
1984-01-17,931.1
1984-01-18,930.5
1984-01-19,935.9
1984-01-20,932.7
1984-01-23,926.6
1984-01-24,926.9
1984-01-25,927.7
1984-01-26,926.5
1984-01-27,929.9
1984-01-30,930.3
1984-01-31,933.8
1984-02-01,939.6
1984-02-02,946.5
1984-02-03,946.3
1984-02-06,941.8
1984-02-07,940.9
1984-02-08,942.1
1984-02-09,938.3
1984-02-10,937.3
1984-02-13,936.5
1984-02-14,942.5
1984-02-15,940.5
1984-02-16,942.3
1984-02-17,943.6
1984-02-20,
1984-02-21,947.4
1984-02-22,958.7
1984-02-23,958.1
1984-02-24,954.7
1984-02-27,960.3
1984-02-28,953.5
1984-02-29,954.1
1984-03-01,953.0
1984-03-02,959.0
1984-03-05,962.7
1984-03-06,962.4
1984-03-07,956.4
1984-03-08,960.6
1984-03-09,958.2
1984-03-12,953.6
1984-03-13,955.6
1984-03-14,950.9
1984-03-15,949.8
1984-03-16,950.4
1984-03-19,950.7
1984-03-20,950.6
1984-03-21,949.3
1984-03-22,943.0
1984-03-23,942.0
1984-03-26,943.7
1984-03-27,942.5
1984-03-28,945.7
1984-03-29,945.2
1984-03-30,942.8
1984-04-02,934.2
1984-04-03,936.0
1984-04-04,936.7
1984-04-05,933.9
1984-04-06,935.6
1984-04-09,936.5
1984-04-10,936.4
1984-04-11,937.2
1984-04-12,933.2
1984-04-13,935.5
1984-04-16,933.0
1984-04-17,934.1
1984-04-18,940.5
1984-04-19,937.3
1984-04-20,
1984-04-23,939.1
1984-04-24,934.6
1984-04-25,934.4
1984-04-26,929.7
1984-04-27,930.0
1984-04-30,928.1
1984-05-01,928.8
1984-05-02,929.8
1984-05-03,929.8
1984-05-04,927.0
1984-05-07,923.0
1984-05-08,924.4
1984-05-09,921.8
1984-05-10,923.5
1984-05-11,921.8
1984-05-14,924.0
1984-05-15,924.9
1984-05-16,926.6
1984-05-17,924.9
1984-05-18,928.1
1984-05-21,928.6
1984-05-22,928.9
1984-05-23,925.7
1984-05-24,927.9
1984-05-25,939.2
1984-05-28,
1984-05-29,934.3
1984-05-30,933.7
1984-05-31,935.6
1984-06-01,939.0
1984-06-04,944.0
1984-06-05,942.9
1984-06-06,940.6
1984-06-07,938.2
1984-06-08,931.2
1984-06-11,920.3
1984-06-12,920.9
1984-06-13,920.5
1984-06-14,921.2
1984-06-15,916.4
1984-06-18,916.8
1984-06-19,917.0
1984-06-20,918.0
1984-06-21,919.0
1984-06-22,918.1
1984-06-25,913.8
1984-06-26,915.8
1984-06-27,914.9
1984-06-28,918.2
1984-06-29,917.4
1984-07-02,914.9
1984-07-03,913.6
1984-07-04,
1984-07-05,903.0
1984-07-06,888.0
1984-07-09,890.6
1984-07-10,886.1
1984-07-11,884.0
1984-07-12,880.2
1984-07-13,886.5
1984-07-16,890.6
1984-07-17,888.0
1984-07-18,891.1
1984-07-19,889.0
1984-07-20,880.5
1984-07-23,878.2
1984-07-24,878.0
1984-07-25,884.0
1984-07-26,873.9
1984-07-27,882.2
1984-07-30,882.1
1984-07-31,877.4
1984-08-01,885.1
1984-08-02,884.2
1984-08-03,890.1
1984-08-06,888.5
1984-08-07,883.4
1984-08-08,883.8
1984-08-09,888.4
1984-08-10,881.9
1984-08-13,889.8
1984-08-14,893.8
1984-08-15,892.8
1984-08-16,889.2
1984-08-17,889.3
1984-08-20,881.9
1984-08-21,884.2
1984-08-22,892.1
1984-08-23,887.5
1984-08-24,889.4
1984-08-27,886.0
1984-08-28,885.8
1984-08-29,887.1
1984-08-30,885.3
1984-08-31,885.1
1984-09-03,
1984-09-04,874.5
1984-09-05,876.0
1984-09-06,879.8
1984-09-07,871.5
1984-09-10,874.4
1984-09-11,875.0
1984-09-12,874.1
1984-09-13,873.5
1984-09-14,875.5
1984-09-17,871.0
1984-09-18,875.8
1984-09-19,875.5
1984-09-20,876.8
1984-09-21,881.8
1984-09-24,879.8
1984-09-25,879.9
1984-09-26,876.2
1984-09-27,877.8
1984-09-28,878.8
1984-10-01,878.4
1984-10-02,880.9
1984-10-03,879.4
1984-10-04,880.3
1984-10-05,874.5
1984-10-08,875.3
1984-10-09,869.5
1984-10-10,871.1
1984-10-11,868.8
1984-10-12,873.8
1984-10-15,872.7
1984-10-16,870.7
1984-10-17,868.2
1984-10-18,871.8
1984-10-19,869.9
1984-10-22,869.5
1984-10-23,870.9
1984-10-24,870.4
1984-10-25,867.9
1984-10-26,867.8
1984-10-29,865.5
1984-10-30,864.0
1984-10-31,863.5
1984-11-01,865.5
1984-11-02,872.9
1984-11-05,877.3
1984-11-06,874.7
1984-11-07,880.0
1984-11-08,877.2
1984-11-09,875.0
1984-11-12,876.7
1984-11-13,875.2
1984-11-14,875.3
1984-11-15,873.3
1984-11-16,872.5
1984-11-19,870.8
1984-11-20,871.3
1984-11-21,870.3
1984-11-22,
1984-11-23,867.8
1984-11-26,858.6
1984-11-27,854.4
1984-11-28,857.9
1984-11-29,857.7
1984-11-30,855.8
1984-12-03,858.4
1984-12-04,856.4
1984-12-05,856.6
1984-12-06,857.0
1984-12-07,853.1
1984-12-10,851.7
1984-12-11,851.6
1984-12-12,851.8
1984-12-13,850.1
1984-12-14,847.7
1984-12-17,839.2
1984-12-18,833.8
1984-12-19,833.4
1984-12-20,831.9
1984-12-21,835.5
1984-12-24,
1984-12-25,
1984-12-26,836.5
1984-12-27,831.5
1984-12-28,832.3
1984-12-31,832.0
1985-01-01,
1985-01-02,826.5
1985-01-03,825.5
1985-01-04,822.0
1985-01-07,826.0
1985-01-08,820.3
1985-01-09,827.8
1985-01-10,826.6
1985-01-11,822.6
1985-01-14,826.2
1985-01-15,824.6
1985-01-16,826.8
1985-01-17,830.8
1985-01-18,829.5
1985-01-21,830.7
1985-01-22,826.0
1985-01-23,823.5
1985-01-24,821.3
1985-01-25,822.1
1985-01-28,824.5
1985-01-29,823.6
1985-01-30,826.2
1985-01-31,825.7
1985-02-01,824.9
1985-02-04,823.8
1985-02-05,823.9
1985-02-06,823.7
1985-02-07,821.2
1985-02-08,821.9
1985-02-11,826.1
1985-02-12,823.3
1985-02-13,824.3
1985-02-14,824.4
1985-02-15,825.4
1985-02-18,
1985-02-19,824.9
1985-02-20,824.6
1985-02-21,819.7
1985-02-22,815.1
1985-02-25,802.5
1985-02-26,808.4
1985-02-27,808.2
1985-02-28,807.1
1985-03-01,810.0
1985-03-04,810.3
1985-03-05,806.3
1985-03-06,811.4
1985-03-07,809.5
1985-03-08,806.8
1985-03-11,808.4
1985-03-12,810.6
1985-03-13,810.2
1985-03-14,810.1
1985-03-15,813.4
1985-03-18,822.3
1985-03-19,847.3
1985-03-20,843.2
1985-03-21,836.4
1985-03-22,835.6
1985-03-25,835.0
1985-03-26,843.1
1985-03-27,846.5
1985-03-28,845.5
1985-03-29,848.2
1985-04-01,836.8
1985-04-02,840.3
1985-04-03,834.8
1985-04-04,838.1
1985-04-05,
1985-04-08,843.1
1985-04-09,842.0
1985-04-10,844.1
1985-04-11,850.5
1985-04-12,845.7
1985-04-15,847.3
1985-04-16,844.9
1985-04-17,842.0
1985-04-18,844.9
1985-04-19,845.4
1985-04-22,844.2
1985-04-23,839.7
1985-04-24,839.4
1985-04-25,840.3
1985-04-26,839.3
1985-04-29,841.3
1985-04-30,830.6
1985-05-01,829.4
1985-05-02,830.4
1985-05-03,827.4
1985-05-06,824.6
1985-05-07,830.6
1985-05-08,828.3
1985-05-09,828.4
1985-05-10,831.6
1985-05-13,840.4
1985-05-14,839.9
1985-05-15,838.0
1985-05-16,835.6
1985-05-17,835.1
1985-05-20,828.1
1985-05-21,832.2
1985-05-22,830.3
1985-05-23,830.3
1985-05-24,828.8
1985-05-27,
1985-05-28,823.9
1985-05-29,829.2
1985-05-30,827.2
1985-05-31,830.1
1985-06-03,830.8
1985-06-04,829.6
1985-06-05,828.7
1985-06-06,829.3
1985-06-07,828.2
1985-06-10,827.6
1985-06-11,827.3
1985-06-12,827.1
1985-06-13,827.8
1985-06-14,832.3
1985-06-17,832.1
1985-06-18,840.8
1985-06-19,835.1
1985-06-20,826.3
1985-06-21,827.0
1985-06-24,828.4
1985-06-25,828.9
1985-06-26,828.3
1985-06-27,829.5
1985-06-28,828.1
1985-07-01,821.0
1985-07-02,821.5
1985-07-03,821.5
1985-07-04,
1985-07-05,
1985-07-08,826.7
1985-07-09,824.7
1985-07-10,826.4
1985-07-11,825.4
1985-07-12,829.6
1985-07-15,828.8
1985-07-16,831.4
1985-07-17,834.5
1985-07-18,829.2
1985-07-19,829.2
1985-07-22,832.8
1985-07-23,828.8
1985-07-24,829.7
1985-07-25,830.0
1985-07-26,832.5
1985-07-29,834.8
1985-07-30,834.6
1985-07-31,837.8
1985-08-01,830.7
1985-08-02,832.3
1985-08-05,833.2
1985-08-06,831.2
1985-08-07,832.8
1985-08-08,832.3
1985-08-09,839.0
1985-08-12,837.5
1985-08-13,836.9
1985-08-14,836.8
1985-08-15,843.0
1985-08-16,848.0
1985-08-19,848.2
1985-08-20,845.4
1985-08-21,848.6
1985-08-22,843.4
1985-08-23,845.2
1985-08-26,845.3
1985-08-27,846.4
1985-08-28,849.6
1985-08-29,844.0
1985-08-30,842.2
1985-09-02,
1985-09-03,833.4
1985-09-04,833.5
1985-09-05,828.7
1985-09-06,829.0
1985-09-09,827.6
1985-09-10,830.0
1985-09-11,829.2
1985-09-12,828.8
1985-09-13,826.6
1985-09-16,827.1
1985-09-17,824.2
1985-09-18,822.5
1985-09-19,827.3
1985-09-20,826.5
1985-09-23,836.4
1985-09-24,837.5
1985-09-25,837.0
1985-09-26,834.9
1985-09-27,835.6
1985-09-30,829.8
1985-10-01,829.8
1985-10-02,831.0
1985-10-03,836.6
1985-10-04,834.9
1985-10-07,833.2
1985-10-08,831.3
1985-10-09,831.7
1985-10-10,831.8
1985-10-11,833.4
1985-10-14,832.5
1985-10-15,831.8
1985-10-16,829.5
1985-10-17,831.1
1985-10-18,832.4
1985-10-21,832.1
1985-10-22,832.8
1985-10-23,831.7
1985-10-24,830.9
1985-10-25,832.1
1985-10-28,831.6
1985-10-29,832.0
1985-10-30,830.5
1985-10-31,829.4
1985-11-01,830.8
1985-11-04,829.8
1985-11-05,828.9
1985-11-06,828.2
1985-11-07,825.8
1985-11-08,828.3
1985-11-11,827.2
1985-11-12,828.5
1985-11-13,828.9
1985-11-14,828.5
1985-11-15,827.4
1985-11-18,827.4
1985-11-19,827.4
1985-11-20,829.5
1985-11-21,830.1
1985-11-22,830.1
1985-11-25,835.6
1985-11-26,834.2
1985-11-27,828.8
1985-11-28,
1985-11-29,825.9
1985-12-02,825.1
1985-12-03,825.3
1985-12-04,824.3
1985-12-05,825.5
1985-12-06,824.8
1985-12-09,818.4
1985-12-10,819.8
1985-12-11,818.7
1985-12-12,819.0
1985-12-13,820.8
1985-12-16,823.5
1985-12-17,822.5
1985-12-18,825.9
1985-12-19,825.8
1985-12-20,827.3
1985-12-23,826.9
1985-12-24,826.8
1985-12-25,
1985-12-26,826.3
1985-12-27,827.6
1985-12-30,829.2
1985-12-31,829.7
1986-01-01,
1986-01-02,827.5
1986-01-03,828.6
1986-01-06,829.3
1986-01-07,831.4
1986-01-08,834.7
1986-01-09,838.5
1986-01-10,841.9
1986-01-13,840.1
1986-01-14,839.6
1986-01-15,849.3
1986-01-16,856.2
1986-01-17,856.6
1986-01-20,853.7
1986-01-21,851.4
1986-01-22,850.1
1986-01-23,850.5
1986-01-24,857.1
1986-01-27,852.5
1986-01-28,851.7
1986-01-29,854.7
1986-01-30,854.0
1986-01-31,847.4
1986-02-03,841.9
1986-02-04,831.7
1986-02-05,833.7
1986-02-06,834.9
1986-02-07,837.1
1986-02-10,835.4
1986-02-11,836.1
1986-02-12,835.3
1986-02-13,829.7
1986-02-14,830.6
1986-02-17,
1986-02-18,834.1
1986-02-19,833.5
1986-02-20,835.9
1986-02-21,837.8
1986-02-24,845.5
1986-02-25,844.5
1986-02-26,833.0
1986-02-27,833.6
1986-02-28,835.3
1986-03-03,834.8
1986-03-04,840.2
1986-03-05,838.8
1986-03-06,838.7
1986-03-07,840.1
1986-03-10,837.6
1986-03-11,839.2
1986-03-12,847.4
1986-03-13,843.6
1986-03-14,843.3
1986-03-17,845.2
1986-03-18,844.7
1986-03-19,845.2
1986-03-20,847.0
1986-03-21,851.8
1986-03-24,845.7
1986-03-25,838.3
1986-03-26,839.1
1986-03-27,837.8
1986-03-28,
1986-03-31,825.4
1986-04-01,827.6
1986-04-02,830.1
1986-04-03,829.0
1986-04-04,829.0
1986-04-07,833.1
1986-04-08,833.5
1986-04-09,832.8
1986-04-10,832.3
1986-04-11,838.1
1986-04-14,834.8
1986-04-15,834.0
1986-04-16,832.5
1986-04-17,832.1
1986-04-18,837.3
1986-04-21,836.3
1986-04-22,839.6
1986-04-23,838.7
1986-04-24,837.7
1986-04-25,836.8
1986-04-28,836.4
1986-04-29,837.5
1986-04-30,838.7
1986-05-01,833.4
1986-05-02,835.3
1986-05-05,834.8
1986-05-06,834.6
1986-05-07,836.4
1986-05-08,836.1
1986-05-09,836.1
1986-05-12,836.1
1986-05-13,835.7
1986-05-14,833.7
1986-05-15,834.0
1986-05-16,834.4
1986-05-19,831.3
1986-05-20,830.4
1986-05-21,830.5
1986-05-22,833.3
1986-05-23,833.1
1986-05-26,
1986-05-27,832.3
1986-05-28,833.1
1986-05-29,834.3
1986-05-30,834.5
1986-06-02,832.5
1986-06-03,832.7
1986-06-04,832.3
1986-06-05,832.1
1986-06-06,832.2
1986-06-09,841.7
1986-06-10,838.7
1986-06-11,839.2
1986-06-12,837.2
1986-06-13,836.1
1986-06-16,824.6
1986-06-17,826.4
1986-06-18,827.6
1986-06-19,828.0
1986-06-20,829.8
1986-06-23,830.4
1986-06-24,832.3
1986-06-25,834.2
1986-06-26,833.7
1986-06-27,834.0
1986-06-30,834.8
1986-07-01,832.9
1986-07-02,832.0
1986-07-03,
1986-07-04,
1986-07-07,833.0
1986-07-08,838.4
1986-07-09,836.8
1986-07-10,835.8
1986-07-11,835.0
1986-07-14,833.5
1986-07-15,836.2
1986-07-16,835.9
1986-07-17,835.8
1986-07-18,843.8
1986-07-21,842.9
1986-07-22,840.9
1986-07-23,836.0
1986-07-24,836.3
1986-07-25,835.2
1986-07-28,842.2
1986-07-29,839.4
1986-07-30,839.4
1986-07-31,850.4
1986-08-01,848.2
1986-08-04,847.7
1986-08-05,846.8
1986-08-06,848.2
1986-08-07,850.0
1986-08-08,863.1
1986-08-11,878.9
1986-08-12,872.9
1986-08-13,872.1
1986-08-14,874.1
1986-08-15,870.6
1986-08-18,863.2
1986-08-19,861.5
1986-08-20,865.6
1986-08-21,871.0
1986-08-22,859.9
1986-08-25,866.9
1986-08-26,866.0
1986-08-27,866.7
1986-08-28,872.4
1986-08-29,873.6
1986-09-01,
1986-09-02,891.7
1986-09-03,890.5
1986-09-04,895.7
1986-09-05,908.4
1986-09-08,896.6
1986-09-09,894.6
1986-09-10,889.9
1986-09-11,893.1
1986-09-12,901.6
1986-09-15,902.4
1986-09-16,900.3
1986-09-17,899.0
1986-09-18,902.8
1986-09-19,921.2
1986-09-22,925.4
1986-09-23,916.2
1986-09-24,916.2
1986-09-25,919.0
1986-09-26,911.7
1986-09-29,907.3
1986-09-30,910.0
1986-10-01,909.4
1986-10-02,921.3
1986-10-03,917.7
1986-10-06,923.0
1986-10-07,925.0
1986-10-08,922.6
1986-10-09,913.2
1986-10-10,914.7
1986-10-13,917.4
1986-10-14,910.7
1986-10-15,908.9
1986-10-16,907.6
1986-10-17,902.4
1986-10-20,909.1
1986-10-21,908.1
1986-10-22,908.9
1986-10-23,897.7
1986-10-24,889.9
1986-10-27,890.5
1986-10-28,894.1
1986-10-29,887.5
1986-10-30,890.1
1986-10-31,885.7
1986-11-03,887.0
1986-11-04,891.3
1986-11-05,888.7
1986-11-06,892.6
1986-11-07,890.8
1986-11-10,887.7
1986-11-11,889.5
1986-11-12,889.6
1986-11-13,889.7
1986-11-14,879.0
1986-11-17,869.5
1986-11-18,874.7
1986-11-19,868.8
1986-11-20,872.0
1986-11-21,859.4
1986-11-24,862.7
1986-11-25,866.3
1986-11-26,863.8
1986-11-27,
1986-11-28,871.5
1986-12-01,874.2
1986-12-02,869.6
1986-12-03,872.5
1986-12-04,868.4
1986-12-05,869.6
1986-12-08,870.4
1986-12-09,867.1
1986-12-10,869.8
1986-12-11,870.4
1986-12-12,872.5
1986-12-15,875.1
1986-12-16,873.0
1986-12-17,872.0
1986-12-18,874.5
1986-12-19,872.5
1986-12-22,873.0
1986-12-23,868.2
1986-12-24,869.7
1986-12-25,
1986-12-26,
1986-12-29,868.6
1986-12-30,869.1
1986-12-31,883.6
1987-01-01,
1987-01-02,880.7
1987-01-05,881.7
1987-01-06,878.9
1987-01-07,881.0
1987-01-08,880.6
1987-01-09,884.2
1987-01-12,886.9
1987-01-13,889.0
1987-01-14,895.9
1987-01-15,893.7
1987-01-16,894.0
1987-01-19,900.0
1987-01-20,884.9
1987-01-21,885.6
1987-01-22,885.8
1987-01-23,882.1
1987-01-26,888.6
1987-01-27,893.1
1987-01-28,888.0
1987-01-29,889.9
1987-01-30,882.1
1987-02-02,878.0
1987-02-03,880.4
1987-02-04,879.4
1987-02-05,881.4
1987-02-06,880.7
1987-02-09,880.6
1987-02-10,879.7
1987-02-11,879.0
1987-02-12,871.5
1987-02-13,873.9
1987-02-16,
1987-02-17,868.1
1987-02-18,868.5
1987-02-19,875.9
1987-02-20,882.1
1987-02-23,878.0
1987-02-24,877.9
1987-02-25,878.6
1987-02-26,881.9
1987-02-27,880.8
1987-03-02,879.0
1987-03-03,882.5
1987-03-04,885.8
1987-03-05,882.4
1987-03-06,881.5
1987-03-09,880.1
1987-03-10,882.0
1987-03-11,882.1
1987-03-12,883.7
1987-03-13,878.7
1987-03-16,880.3
1987-03-17,880.5
1987-03-18,879.7
1987-03-19,879.8
1987-03-20,880.0
1987-03-23,884.7
1987-03-24,888.1
1987-03-25,887.3
1987-03-26,885.7
1987-03-27,896.9
1987-03-30,895.3
1987-03-31,892.1
1987-04-01,891.9
1987-04-02,891.6
1987-04-03,893.3
1987-04-06,892.0
1987-04-07,895.6
1987-04-08,893.5
1987-04-09,905.9
1987-04-10,906.1
1987-04-13,910.2
1987-04-14,924.0
1987-04-15,915.9
1987-04-16,916.7
1987-04-17,
1987-04-20,926.2
1987-04-21,920.4
1987-04-22,921.9
1987-04-23,932.8
1987-04-24,934.9
1987-04-27,915.4
1987-04-28,924.1
1987-04-29,922.9
1987-04-30,925.9
1987-05-01,928.9
1987-05-04,934.6
1987-05-05,930.2
1987-05-06,930.2
1987-05-07,929.0
1987-05-08,926.1
1987-05-11,927.1
1987-05-12,930.9
1987-05-13,929.4
1987-05-14,935.0
1987-05-15,945.6
1987-05-18,942.2
1987-05-19,947.7
1987-05-20,942.9
1987-05-21,940.0
1987-05-22,934.1
1987-05-25,
1987-05-26,920.7
1987-05-27,917.4
1987-05-28,922.8
1987-05-29,919.2
1987-06-01,914.5
1987-06-02,925.0
1987-06-03,918.6
1987-06-04,921.3
1987-06-05,921.9
1987-06-08,917.4
1987-06-09,926.1
1987-06-10,924.5
1987-06-11,931.6
1987-06-12,922.0
1987-06-15,919.7
1987-06-16,914.9
1987-06-17,914.8
1987-06-18,917.6
1987-06-19,911.7
1987-06-22,903.5
1987-06-23,906.6
1987-06-24,909.3
1987-06-25,906.6
1987-06-26,913.1
1987-06-29,912.4
1987-06-30,915.3
1987-07-01,912.4
1987-07-02,911.7
1987-07-03,
1987-07-06,913.1
1987-07-07,908.9
1987-07-08,909.6
1987-07-09,909.6
1987-07-10,908.9
1987-07-13,911.5
1987-07-14,912.5
1987-07-15,918.5
1987-07-16,918.5
1987-07-17,912.3
1987-07-20,915.3
1987-07-21,916.7
1987-07-22,918.8
1987-07-23,918.9
1987-07-24,917.7
1987-07-27,917.5
1987-07-28,920.4
1987-07-29,920.9
1987-07-30,925.4
1987-07-31,927.2
1987-08-03,940.1
1987-08-04,940.6
1987-08-05,929.5
1987-08-06,930.5
1987-08-07,916.9
1987-08-10,922.6
1987-08-11,926.3
1987-08-12,925.1
1987-08-13,920.0
1987-08-14,913.5
1987-08-17,915.4
1987-08-18,919.9
1987-08-19,919.5
1987-08-20,914.4
1987-08-21,917.9
1987-08-24,921.5
1987-08-25,918.0
1987-08-26,918.0
1987-08-27,915.9
1987-08-28,913.5
1987-08-31,910.9
1987-09-01,915.0
1987-09-02,925.5
1987-09-03,923.8
1987-09-04,922.8
1987-09-07,
1987-09-08,917.5
1987-09-09,916.6
1987-09-10,922.6
1987-09-11,916.1
1987-09-14,915.7
1987-09-15,917.7
1987-09-16,916.9
1987-09-17,918.6
1987-09-18,917.0
1987-09-21,921.0
1987-09-22,920.6
1987-09-23,920.4
1987-09-24,920.4
1987-09-25,918.3
1987-09-28,918.1
1987-09-29,916.1
1987-09-30,910.5
1987-10-01,911.4
1987-10-02,912.0
1987-10-05,914.5
1987-10-06,914.4
1987-10-07,915.1
1987-10-08,918.2
1987-10-09,918.6
1987-10-12,918.4
1987-10-13,915.7
1987-10-14,917.5
1987-10-15,919.5
1987-10-16,928.0
1987-10-19,938.5
1987-10-20,919.2
1987-10-21,923.4
1987-10-22,924.9
1987-10-23,928.4
1987-10-26,931.1
1987-10-27,930.5
1987-10-28,932.2
1987-10-29,920.4
1987-10-30,922.9
1987-11-02,924.2
1987-11-03,922.3
1987-11-04,919.9
1987-11-05,910.9
1987-11-06,913.8
1987-11-09,915.0
1987-11-10,914.1
1987-11-11,914.8
1987-11-12,916.4
1987-11-13,917.3
1987-11-16,916.0
1987-11-17,917.5
1987-11-18,916.5
1987-11-19,917.5
1987-11-20,921.9
1987-11-23,927.8
1987-11-24,927.1
1987-11-25,928.6
1987-11-26,
1987-11-27,938.0
1987-11-30,942.9
1987-12-01,941.9
1987-12-02,939.4
1987-12-03,939.5
1987-12-04,933.5
1987-12-07,932.2
1987-12-08,934.3
1987-12-09,935.1
1987-12-10,942.9
1987-12-11,947.7
1987-12-14,946.1
1987-12-15,932.9
1987-12-16,935.8
1987-12-17,935.4
1987-12-18,929.7
1987-12-21,929.4
1987-12-22,933.6
1987-12-23,932.2
1987-12-24,935.3
1987-12-25,
1987-12-28,936.8
1987-12-29,935.1
1987-12-30,931.2
1987-12-31,934.6
1988-01-01,
1988-01-04,926.2
1988-01-05,928.9
1988-01-06,931.0
1988-01-07,928.8
1988-01-08,931.2
1988-01-11,929.3
1988-01-12,928.0
1988-01-13,927.3
1988-01-14,933.9
1988-01-15,920.2
1988-01-18,922.5
1988-01-19,923.9
1988-01-20,922.3
1988-01-21,924.3
1988-01-22,923.1
1988-01-25,914.5
1988-01-26,914.4
1988-01-27,911.6
1988-01-28,910.8
1988-01-29,897.5
1988-02-01,897.5
1988-02-02,897.4
1988-02-03,881.3
1988-02-04,887.1
1988-02-05,882.0
1988-02-08,882.9
1988-02-09,883.7
1988-02-10,882.6
1988-02-11,881.9
1988-02-12,887.6
1988-02-15,
1988-02-16,886.5
1988-02-17,888.1
1988-02-18,884.7
1988-02-19,886.8
1988-02-22,886.4
1988-02-23,883.0
1988-02-24,872.5
1988-02-25,873.1
1988-02-26,869.4
1988-02-29,870.1
1988-03-01,870.7
1988-03-02,870.5
1988-03-03,867.5
1988-03-04,877.5
1988-03-07,877.3
1988-03-08,875.3
1988-03-09,876.2
1988-03-10,883.3
1988-03-11,881.4
1988-03-14,881.7
1988-03-15,886.2
1988-03-16,885.2
1988-03-17,883.4
1988-03-18,883.7
1988-03-21,889.0
1988-03-22,888.3
1988-03-23,890.7
1988-03-24,893.0
1988-03-25,891.9
1988-03-28,894.5
1988-03-29,894.1
1988-03-30,895.6
1988-03-31,892.2
1988-04-01,
1988-04-04,893.8
1988-04-05,890.5
1988-04-06,885.6
1988-04-07,887.0
1988-04-08,888.0
1988-04-11,889.0
1988-04-12,888.0
1988-04-13,883.9
1988-04-14,890.8
1988-04-15,892.8
1988-04-18,896.0
1988-04-19,894.7
1988-04-20,893.3
1988-04-21,891.5
1988-04-22,886.7
1988-04-25,884.4
1988-04-26,885.6
1988-04-27,888.6
1988-04-28,886.9
1988-04-29,886.9
1988-05-02,881.5
1988-05-03,879.4
1988-05-04,880.9
1988-05-05,881.3
1988-05-06,879.6
1988-05-09,883.1
1988-05-10,885.9
1988-05-11,885.5
1988-05-12,887.6
1988-05-13,888.0
1988-05-16,890.3
1988-05-17,890.7
1988-05-18,892.4
1988-05-19,892.2
1988-05-20,892.7
1988-05-23,897.0
1988-05-24,896.2
1988-05-25,889.5
1988-05-26,889.5
1988-05-27,886.9
1988-05-30,
1988-05-31,890.7
1988-06-01,893.2
1988-06-02,902.4
1988-06-03,900.4
1988-06-06,899.3
1988-06-07,895.9
1988-06-08,891.7
1988-06-09,892.7
1988-06-10,884.2
1988-06-13,884.7
1988-06-14,885.4
1988-06-15,886.8
1988-06-16,885.1
1988-06-17,889.6
1988-06-20,885.8
1988-06-21,886.7
1988-06-22,884.2
1988-06-23,882.1
1988-06-24,877.0
1988-06-27,876.9
1988-06-28,871.5
1988-06-29,869.3
1988-06-30,868.8
1988-07-01,870.7
1988-07-04,
1988-07-05,871.5
1988-07-06,872.0
1988-07-07,872.5
1988-07-08,872.5
1988-07-11,867.9
1988-07-12,870.1
1988-07-13,873.4
1988-07-14,871.5
1988-07-15,872.9
1988-07-18,870.4
1988-07-19,879.3
1988-07-20,877.5
1988-07-21,874.5
1988-07-22,874.6
1988-07-25,857.9
1988-07-26,863.3
1988-07-27,864.9
1988-07-28,864.1
1988-07-29,867.6
1988-08-01,865.9
1988-08-02,862.8
1988-08-03,864.6
1988-08-04,864.1
1988-08-05,862.9
1988-08-08,861.0
1988-08-09,858.0
1988-08-10,859.6
1988-08-11,859.4
1988-08-12,861.4
1988-08-15,863.0
1988-08-16,858.9
1988-08-17,861.0
1988-08-18,862.2
1988-08-19,861.5
1988-08-22,863.3
1988-08-23,861.9
1988-08-24,864.5
1988-08-25,862.3
1988-08-26,861.5
1988-08-29,858.8
1988-08-30,857.8
1988-08-31,860.0
1988-09-01,858.8
1988-09-02,857.7
1988-09-05,
1988-09-06,855.1
1988-09-07,856.1
1988-09-08,856.7
1988-09-09,849.0
1988-09-12,848.7
1988-09-13,848.8
1988-09-14,848.6
1988-09-15,845.7
1988-09-16,838.8
1988-09-19,836.1
1988-09-20,832.0
1988-09-21,824.7
1988-09-22,825.3
1988-09-23,820.0
1988-09-26,821.0
1988-09-27,823.2
1988-09-28,824.1
1988-09-29,822.3
1988-09-30,819.9
1988-10-03,822.9
1988-10-04,823.4
1988-10-05,826.0
1988-10-06,828.7
1988-10-07,828.0
1988-10-10,833.4
1988-10-11,829.1
1988-10-12,832.9
1988-10-13,831.1
1988-10-14,833.2
1988-10-17,836.2
1988-10-18,835.8
1988-10-19,835.4
1988-10-20,836.1
1988-10-21,832.2
1988-10-24,829.5
1988-10-25,830.1
1988-10-26,831.8
1988-10-27,830.8
1988-10-28,835.6
1988-10-31,835.8
1988-11-01,834.7
1988-11-02,844.9
1988-11-03,844.4
1988-11-04,844.2
1988-11-07,845.4
1988-11-08,841.9
1988-11-09,845.4
1988-11-10,841.2
1988-11-11,843.8
1988-11-14,845.9
1988-11-15,846.3
1988-11-16,846.3
1988-11-17,841.8
1988-11-18,838.8
1988-11-21,837.1
1988-11-22,838.7
1988-11-23,840.6
1988-11-24,
1988-11-25,
1988-11-28,843.7
1988-11-29,842.9
1988-11-30,845.4
1988-12-01,844.4
1988-12-02,852.5
1988-12-05,850.0
1988-12-06,848.4
1988-12-07,843.5
1988-12-08,842.5
1988-12-09,843.4
1988-12-12,840.4
1988-12-13,839.9
1988-12-14,841.5
1988-12-15,832.4
1988-12-16,833.4
1988-12-19,833.8
1988-12-20,833.3
1988-12-21,834.6
1988-12-22,837.1
1988-12-23,837.4
1988-12-26,
1988-12-27,836.7
1988-12-28,832.4
1988-12-29,826.3
1988-12-30,828.1
1989-01-02,
1989-01-03,829.2
1989-01-04,826.8
1989-01-05,825.9
1989-01-06,823.9
1989-01-09,822.5
1989-01-10,821.4
1989-01-11,821.0
1989-01-12,821.6
1989-01-13,819.3
1989-01-16,819.1
1989-01-17,819.8
1989-01-18,819.1
1989-01-19,820.3
1989-01-20,825.3
1989-01-23,824.5
1989-01-24,822.1
1989-01-25,822.2
1989-01-26,818.7
1989-01-27,811.0
1989-01-30,810.5
1989-01-31,806.6
1989-02-01,808.1
1989-02-02,806.9
1989-02-03,807.3
1989-02-06,807.8
1989-02-07,806.3
1989-02-08,809.9
1989-02-09,808.8
1989-02-10,802.4
1989-02-13,800.3
1989-02-14,799.6
1989-02-15,798.7
1989-02-16,797.6
1989-02-17,794.8
1989-02-20,
1989-02-21,800.1
1989-02-22,801.0
1989-02-23,804.9
1989-02-24,803.5
1989-02-27,800.7
1989-02-28,801.3
1989-03-01,798.0
1989-03-02,797.5
1989-03-03,800.2
1989-03-06,801.4
1989-03-07,806.6
1989-03-08,806.2
1989-03-09,807.8
1989-03-10,806.9
1989-03-13,806.8
1989-03-14,808.6
1989-03-15,804.3
1989-03-16,801.9
1989-03-17,805.7
1989-03-20,808.3
1989-03-21,806.7
1989-03-22,806.0
1989-03-23,804.1
1989-03-24,
1989-03-27,802.2
1989-03-28,793.8
1989-03-29,793.3
1989-03-30,792.0
1989-03-31,795.8
1989-04-03,796.9
1989-04-04,796.7
1989-04-05,794.4
1989-04-06,794.5
1989-04-07,793.8
1989-04-10,796.1
1989-04-11,795.7
1989-04-12,797.9
1989-04-13,800.0
1989-04-14,795.6
1989-04-17,795.9
1989-04-18,793.2
1989-04-19,792.9
1989-04-20,795.1
1989-04-21,794.0
1989-04-24,796.8
1989-04-25,794.6
1989-04-26,794.0
1989-04-27,791.9
1989-04-28,786.3
1989-05-01,786.5
1989-05-02,785.9
1989-05-03,786.2
1989-05-04,785.4
1989-05-05,785.1
1989-05-08,784.2
1989-05-09,786.1
1989-05-10,784.8
1989-05-11,787.9
1989-05-12,784.7
1989-05-15,782.3
1989-05-16,782.0
1989-05-17,779.7
1989-05-18,776.1
1989-05-19,771.8
1989-05-22,768.4
1989-05-23,768.9
1989-05-24,769.2
1989-05-25,772.1
1989-05-26,770.7
1989-05-29,
1989-05-30,771.8
1989-05-31,768.6
1989-06-01,769.4
1989-06-02,774.0
1989-06-05,772.9
1989-06-06,785.3
1989-06-07,782.9
1989-06-08,780.2
1989-06-09,763.8
1989-06-12,767.7
1989-06-13,768.9
1989-06-14,769.5
1989-06-15,772.8
1989-06-16,770.8
1989-06-19,772.8
1989-06-20,771.9
1989-06-21,778.0
1989-06-22,776.4
1989-06-23,783.9
1989-06-26,780.5
1989-06-27,782.0
1989-06-28,781.4
1989-06-29,776.0
1989-06-30,779.4
1989-07-03,783.1
1989-07-04,
1989-07-05,790.6
1989-07-06,790.9
1989-07-07,787.8
1989-07-10,788.7
1989-07-11,785.4
1989-07-12,782.5
1989-07-13,780.7
1989-07-14,774.6
1989-07-17,774.5
1989-07-18,776.2
1989-07-19,771.6
1989-07-20,774.6
1989-07-21,775.4
1989-07-24,776.4
1989-07-25,776.5
1989-07-26,777.4
1989-07-27,776.0
1989-07-28,769.5
1989-07-31,772.8
1989-08-01,772.9
1989-08-02,771.9
1989-08-03,775.5
1989-08-04,769.5
1989-08-07,767.5
1989-08-08,767.7
1989-08-09,768.1
1989-08-10,768.5
1989-08-11,765.8
1989-08-14,767.5
1989-08-15,771.8
1989-08-16,769.0
1989-08-17,768.9
1989-08-18,768.2
1989-08-21,768.8
1989-08-22,768.8
1989-08-23,766.2
1989-08-24,764.9
1989-08-25,761.0
1989-08-28,760.3
1989-08-29,763.6
1989-08-30,761.9
1989-08-31,759.8
1989-09-01,760.5
1989-09-04,
1989-09-05,759.5
1989-09-06,761.8
1989-09-07,760.4
1989-09-08,759.4
1989-09-11,759.0
1989-09-12,759.2
1989-09-13,759.4
1989-09-14,759.9
1989-09-15,763.3
1989-09-18,760.9
1989-09-19,760.3
1989-09-20,764.2
1989-09-21,764.4
1989-09-22,764.8
1989-09-25,768.7
1989-09-26,767.2
1989-09-27,766.4
1989-09-28,766.9
1989-09-29,766.1
1989-10-02,766.2
1989-10-03,765.5
1989-10-04,765.6
1989-10-05,762.0
1989-10-06,762.3
1989-10-09,761.5
1989-10-10,759.3
1989-10-11,760.2
1989-10-12,761.5
1989-10-13,761.4
1989-10-16,765.3
1989-10-17,765.3
1989-10-18,766.5
1989-10-19,764.7
1989-10-20,764.7
1989-10-23,764.3
1989-10-24,767.5
1989-10-25,766.4
1989-10-26,769.5
1989-10-27,775.3
1989-10-30,774.9
1989-10-31,771.7
1989-11-01,771.0
1989-11-02,777.0
1989-11-03,775.1
1989-11-06,777.9
1989-11-07,782.5
1989-11-08,784.9
1989-11-09,783.1
1989-11-10,782.7
1989-11-13,786.8
1989-11-14,789.0
1989-11-15,786.9
1989-11-16,786.8
1989-11-17,789.9
1989-11-20,793.5
1989-11-21,798.6
1989-11-22,805.9
1989-11-23,
1989-11-24,813.9
1989-11-27,808.7
1989-11-28,808.3
1989-11-29,804.4
1989-11-30,806.4
1989-12-01,808.2
1989-12-04,795.5
1989-12-05,797.8
1989-12-06,799.0
1989-12-07,803.9
1989-12-08,805.7
1989-12-11,810.7
1989-12-12,811.7
1989-12-13,801.8
1989-12-14,801.7
1989-12-15,807.2
1989-12-18,805.0
1989-12-19,805.0
1989-12-20,806.4
1989-12-21,804.4
1989-12-22,805.6
1989-12-25,
1989-12-26,799.0
1989-12-27,792.7
1989-12-28,790.3
1989-12-29,794.1
1990-01-01,
1990-01-02,791.0
1990-01-03,785.3
1990-01-04,789.7
1990-01-05,797.4
1990-01-08,793.9
1990-01-09,795.1
1990-01-10,803.1
1990-01-11,804.5
1990-01-12,803.6
1990-01-15,804.0
1990-01-16,801.1
1990-01-17,802.6
1990-01-18,800.1
1990-01-19,799.9
1990-01-22,797.1
1990-01-23,803.0
1990-01-24,807.4
1990-01-25,805.9
1990-01-26,810.1
1990-01-29,809.1
1990-01-30,807.9
1990-01-31,801.6
1990-02-01,807.2
1990-02-02,807.3
1990-02-05,811.5
1990-02-06,810.3
1990-02-07,807.0
1990-02-08,807.3
1990-02-09,804.3
1990-02-12,807.4
1990-02-13,805.8
1990-02-14,804.3
1990-02-15,799.8
1990-02-16,804.5
1990-02-19,
1990-02-20,807.5
1990-02-21,805.5
1990-02-22,802.9
1990-02-23,802.1
1990-02-26,795.6
1990-02-27,794.8
1990-02-28,792.7
1990-03-01,792.8
1990-03-02,789.2
1990-03-05,790.2
1990-03-06,789.8
1990-03-07,785.9
1990-03-08,785.5
1990-03-09,785.2
1990-03-12,784.8
1990-03-13,784.4
1990-03-14,783.3
1990-03-15,783.2
1990-03-16,784.6
1990-03-19,785.6
1990-03-20,776.9
1990-03-21,776.1
1990-03-22,778.3
1990-03-23,773.0
1990-03-26,749.6
1990-03-27,752.5
1990-03-28,752.4
1990-03-29,754.2
1990-03-30,753.2
1990-04-02,752.7
1990-04-03,758.3
1990-04-04,760.0
1990-04-05,757.5
1990-04-06,763.4
1990-04-09,758.6
1990-04-10,757.5
1990-04-11,756.6
1990-04-12,757.9
1990-04-13,
1990-04-16,757.1
1990-04-17,757.0
1990-04-18,757.9
1990-04-19,758.9
1990-04-20,758.1
1990-04-23,760.3
1990-04-24,757.2
1990-04-25,751.8
1990-04-26,751.5
1990-04-27,752.2
1990-04-30,749.6
1990-05-01,750.9
1990-05-02,750.2
1990-05-03,751.9
1990-05-04,751.3
1990-05-07,752.2
1990-05-08,750.2
1990-05-09,751.9
1990-05-10,750.1
1990-05-11,748.7
1990-05-14,748.1
1990-05-15,750.5
1990-05-16,748.5
1990-05-17,748.8
1990-05-18,753.8
1990-05-21,752.3
1990-05-22,754.2
1990-05-23,742.0
1990-05-24,744.3
1990-05-25,746.0
1990-05-28,
1990-05-29,744.9
1990-05-30,741.9
1990-05-31,741.6
1990-06-01,736.3
1990-06-04,735.1
1990-06-05,736.3
1990-06-06,733.8
1990-06-07,730.9
1990-06-08,732.0
1990-06-11,732.5
1990-06-12,731.9
1990-06-13,727.8
1990-06-14,722.4
1990-06-15,724.9
1990-06-18,724.6
1990-06-19,724.4
1990-06-20,725.7
1990-06-21,725.7
1990-06-22,725.4
1990-06-25,728.8
1990-06-26,725.5
1990-06-27,725.7
1990-06-28,726.5
1990-06-29,732.3
1990-07-02,733.3
1990-07-03,736.5
1990-07-04,
1990-07-05,735.6
1990-07-06,735.3
1990-07-09,732.3
1990-07-10,729.5
1990-07-11,728.0
1990-07-12,731.9
1990-07-13,738.2
1990-07-16,736.9
1990-07-17,735.5
1990-07-18,734.9
1990-07-19,734.5
1990-07-20,734.4
1990-07-23,742.2
1990-07-24,740.9
1990-07-25,744.9
1990-07-26,742.0
1990-07-27,740.4
1990-07-30,740.5
1990-07-31,742.8
1990-08-01,746.0
1990-08-02,749.4
1990-08-03,749.8
1990-08-06,757.2
1990-08-07,757.3
1990-08-08,755.8
1990-08-09,758.3
1990-08-10,769.4
1990-08-13,
1990-08-14,777.4
1990-08-15,774.7
1990-08-16,781.0
1990-08-17,781.4
1990-08-20,782.0
1990-08-21,779.2
1990-08-22,782.5
1990-08-23,783.5
1990-08-24,786.3
1990-08-27,759.5
1990-08-28,756.1
1990-08-29,756.1
1990-08-30,757.2
1990-08-31,752.8
1990-09-03,
1990-09-04,754.2
1990-09-05,756.7
1990-09-06,759.9
1990-09-07,759.6
1990-09-10,748.5
1990-09-11,750.2
1990-09-12,751.7
1990-09-13,752.4
1990-09-14,754.6
1990-09-17,758.8
1990-09-18,756.9
1990-09-19,755.0
1990-09-20,757.8
1990-09-21,758.1
1990-09-24,771.9
1990-09-25,771.2
1990-09-26,776.4
1990-09-27,774.4
1990-09-28,771.7
1990-10-01,755.2
1990-10-02,757.5
1990-10-03,762.1
1990-10-04,760.5
1990-10-05,761.7
1990-10-08,762.9
1990-10-09,757.6
1990-10-10,755.8
1990-10-11,757.2
1990-10-12,754.9
1990-10-15,742.1
1990-10-16,728.7
1990-10-17,733.4
1990-10-18,736.6
1990-10-19,739.3
1990-10-22,736.0
1990-10-23,737.5
1990-10-24,739.6
1990-10-25,741.9
1990-10-26,736.8
1990-10-29,739.4
1990-10-30,745.3
1990-10-31,744.9
1990-11-01,746.7
1990-11-02,741.6
1990-11-05,744.7
1990-11-06,751.7
1990-11-07,751.5
1990-11-08,752.5
1990-11-09,749.9
1990-11-12,746.9
1990-11-13,750.6
1990-11-14,742.1
1990-11-15,743.6
1990-11-16,743.4
1990-11-19,745.9
1990-11-20,742.0
1990-11-21,743.2
1990-11-22,
1990-11-23,747.8
1990-11-26,750.0
1990-11-27,749.2
1990-11-28,748.9
1990-11-29,752.0
1990-11-30,746.0
1990-12-03,738.8
1990-12-04,740.8
1990-12-05,736.1
1990-12-06,733.5
1990-12-07,732.4
1990-12-10,736.2
1990-12-11,733.9
1990-12-12,734.8
1990-12-13,736.4
1990-12-14,738.9
1990-12-17,739.6
1990-12-18,738.7
1990-12-19,748.3
1990-12-20,747.0
1990-12-21,744.6
1990-12-24,
1990-12-25,
1990-12-26,747.7
1990-12-27,747.9
1990-12-28,756.5
1990-12-31,756.5
1991-01-01,
1991-01-02,751.4
1991-01-03,749.2
1991-01-04,747.5
1991-01-07,756.5
1991-01-08,752.6
1991-01-09,753.3
1991-01-10,752.4
1991-01-11,753.6
1991-01-14,761.9
1991-01-15,760.5
1991-01-16,764.8
1991-01-17,734.7
1991-01-18,735.4
1991-01-21,739.9
1991-01-22,740.6
1991-01-23,739.3
1991-01-24,733.9
1991-01-25,736.5
1991-01-28,737.6
1991-01-29,737.0
1991-01-30,729.0
1991-01-31,726.0
1991-02-01,726.0
1991-02-04,729.0
1991-02-05,726.2
1991-02-06,722.5
1991-02-07,727.3
1991-02-08,729.7
1991-02-11,726.4
1991-02-12,727.6
1991-02-13,726.7
1991-02-14,727.4
1991-02-15,723.3
1991-02-18,
1991-02-19,723.3
1991-02-20,723.4
1991-02-21,721.4
1991-02-22,715.6
1991-02-25,718.1
1991-02-26,717.6
1991-02-27,720.7
1991-02-28,726.6
1991-03-01,726.1
1991-03-04,727.0
1991-03-05,723.8
1991-03-06,725.0
1991-03-07,725.9
1991-03-08,728.4
1991-03-11,723.3
1991-03-12,723.3
1991-03-13,725.2
1991-03-14,723.3
1991-03-15,722.9
1991-03-18,720.7
1991-03-19,721.6
1991-03-20,720.7
1991-03-21,720.5
1991-03-22,720.3
1991-03-25,716.0
1991-03-26,714.2
1991-03-27,712.5
1991-03-28,713.5
1991-03-29,
1991-04-01,716.5
1991-04-02,714.6
1991-04-03,716.3
1991-04-04,715.8
1991-04-05,716.2
1991-04-08,718.1
1991-04-09,721.3
1991-04-10,720.4
1991-04-11,718.9
1991-04-12,716.8
1991-04-15,717.3
1991-04-16,717.2
1991-04-17,717.8
1991-04-18,714.3
1991-04-19,713.1
1991-04-22,713.8
1991-04-23,713.0
1991-04-24,712.2
1991-04-25,709.9
1991-04-26,709.6
1991-04-29,708.2
1991-04-30,711.8
1991-05-01,711.8
1991-05-02,710.8
1991-05-03,709.6
1991-05-06,711.0
1991-05-07,712.2
1991-05-08,712.6
1991-05-09,713.4
1991-05-10,712.4
1991-05-13,713.9
1991-05-14,715.3
1991-05-15,715.0
1991-05-16,711.2
1991-05-17,710.1
1991-05-20,712.2
1991-05-21,712.0
1991-05-22,711.3
1991-05-23,709.9
1991-05-24,711.3
1991-05-27,
1991-05-28,718.5
1991-05-29,716.0
1991-05-30,718.3
1991-05-31,716.6
1991-06-03,718.2
1991-06-04,717.6
1991-06-05,717.6
1991-06-06,720.1
1991-06-07,721.6
1991-06-10,728.8
1991-06-11,725.9
1991-06-12,725.1
1991-06-13,724.9
1991-06-14,721.7
1991-06-17,722.7
1991-06-18,722.8
1991-06-19,723.1
1991-06-20,722.5
1991-06-21,720.2
1991-06-24,717.2
1991-06-25,718.8
1991-06-26,720.0
1991-06-27,720.0
1991-06-28,722.2
1991-07-01,722.1
1991-07-02,721.6
1991-07-03,723.8
1991-07-04,
1991-07-05,
1991-07-08,724.3
1991-07-09,722.8
1991-07-10,723.5
1991-07-11,721.1
1991-07-12,721.8
1991-07-15,722.4
1991-07-16,722.1
1991-07-17,722.8
1991-07-18,723.2
1991-07-19,723.4
1991-07-22,720.3
1991-07-23,720.6
1991-07-24,716.7
1991-07-25,716.8
1991-07-26,718.6
1991-07-29,715.8
1991-07-30,714.8
1991-07-31,715.9
1991-08-01,715.4
1991-08-02,707.6
1991-08-05,708.0
1991-08-06,708.4
1991-08-07,708.2
1991-08-08,708.7
1991-08-09,709.8
1991-08-12,708.9
1991-08-13,707.6
1991-08-14,709.0
1991-08-15,708.1
1991-08-16,708.9
1991-08-19,709.6
1991-08-20,706.8
1991-08-21,707.6
1991-08-22,704.9
1991-08-23,704.0
1991-08-26,705.7
1991-08-27,704.9
1991-08-28,704.3
1991-08-29,701.1
1991-08-30,698.3
1991-09-02,
1991-09-03,698.4
1991-09-04,698.5
1991-09-05,696.9
1991-09-06,698.9
1991-09-09,700.8
1991-09-10,699.6
1991-09-11,695.0
1991-09-12,693.8
1991-09-13,693.9
1991-09-16,693.9
1991-09-17,696.0
1991-09-18,697.9
1991-09-19,697.6
1991-09-20,697.7
1991-09-23,699.9
1991-09-24,702.8
1991-09-25,701.9
1991-09-26,699.7
1991-09-27,698.0
1991-09-30,702.9
1991-10-01,702.9
1991-10-02,704.2
1991-10-03,706.2
1991-10-04,707.3
1991-10-07,707.6
1991-10-08,705.8
1991-10-09,707.7
1991-10-10,706.9
1991-10-11,708.0
1991-10-14,706.9
1991-10-15,705.7
1991-10-16,706.1
1991-10-17,707.9
1991-10-18,710.0
1991-10-21,711.5
1991-10-22,711.6
1991-10-23,709.9
1991-10-24,709.6
1991-10-25,708.3
1991-10-28,706.4
1991-10-29,706.7
1991-10-30,706.1
1991-10-31,705.1
1991-11-01,702.5
1991-11-04,703.7
1991-11-05,701.0
1991-11-06,701.4
1991-11-07,700.3
1991-11-08,700.8
1991-11-11,701.8
1991-11-12,702.3
1991-11-13,702.9
1991-11-14,701.3
1991-11-15,705.7
1991-11-18,707.1
1991-11-19,710.0
1991-11-20,710.4
1991-11-21,714.3
1991-11-22,715.3
1991-11-25,714.0
1991-11-26,712.0
1991-11-27,713.9
1991-11-28,
1991-11-29,713.8
1991-12-02,712.6
1991-12-03,709.1
1991-12-04,710.6
1991-12-05,712.7
1991-12-06,714.6
1991-12-09,714.3
1991-12-10,713.8
1991-12-11,711.3
1991-12-12,702.6
1991-12-13,704.0
1991-12-16,703.6
1991-12-17,701.8
1991-12-18,703.5
1991-12-19,701.8
1991-12-20,703.0
1991-12-23,703.7
1991-12-24,703.4
1991-12-25,
1991-12-26,698.6
1991-12-27,697.7
1991-12-30,696.6
1991-12-31,697.9
1992-01-01,
1992-01-02,695.9
1992-01-03,694.2
1992-01-06,693.0
1992-01-07,693.2
1992-01-08,694.2
1992-01-09,700.2
1992-01-10,699.6
1992-01-13,697.2
1992-01-14,697.9
1992-01-15,697.4
1992-01-16,699.7
1992-01-17,697.2
1992-01-20,700.9
1992-01-21,701.1
1992-01-22,701.0
1992-01-23,697.5
1992-01-24,697.3
1992-01-27,697.6
1992-01-28,698.5
1992-01-29,698.8
1992-01-30,696.2
1992-01-31,699.5
1992-02-03,699.0
1992-02-04,698.5
1992-02-05,697.8
1992-02-06,697.9
1992-02-07,696.9
1992-02-10,697.8
1992-02-11,698.3
1992-02-12,700.1
1992-02-13,697.8
1992-02-14,695.7
1992-02-17,
1992-02-18,695.3
1992-02-19,695.1
1992-02-20,695.3
1992-02-21,693.2
1992-02-24,691.8
1992-02-25,691.3
1992-02-26,691.5
1992-02-27,695.7
1992-02-28,694.8
1992-03-02,693.2
1992-03-03,692.2
1992-03-04,692.4
1992-03-05,693.1
1992-03-06,691.0
1992-03-09,690.4
1992-03-10,690.5
1992-03-11,692.1
1992-03-12,688.7
1992-03-13,688.1
1992-03-16,684.7
1992-03-17,681.4
1992-03-18,679.5
1992-03-19,679.7
1992-03-20,679.1
1992-03-23,679.0
1992-03-24,680.3
1992-03-25,681.7
1992-03-26,681.5
1992-03-27,682.9
1992-03-30,682.3
1992-03-31,684.0
1992-04-01,683.1
1992-04-02,680.9
1992-04-03,681.2
1992-04-06,680.3
1992-04-07,678.6
1992-04-08,677.8
1992-04-09,679.4
1992-04-10,681.0
1992-04-13,679.1
1992-04-14,679.3
1992-04-15,675.5
1992-04-16,676.8
1992-04-17,
1992-04-20,676.2
1992-04-21,680.2
1992-04-22,678.3
1992-04-23,677.8
1992-04-24,676.0
1992-04-27,675.6
1992-04-28,675.7
1992-04-29,674.9
1992-04-30,676.4
1992-05-01,677.8
1992-05-04,676.1
1992-05-05,676.3
1992-05-06,676.0
1992-05-07,674.4
1992-05-08,674.8
1992-05-11,675.5
1992-05-12,674.3
1992-05-13,674.6
1992-05-14,676.9
1992-05-15,677.6
1992-05-18,677.8
1992-05-19,676.7
1992-05-20,677.0
1992-05-21,676.1
1992-05-22,676.8
1992-05-25,
1992-05-26,677.1
1992-05-27,677.0
1992-05-28,676.0
1992-05-29,675.4
1992-06-01,676.7
1992-06-02,678.3
1992-06-03,677.7
1992-06-04,677.7
1992-06-05,677.8
1992-06-08,677.2
1992-06-09,677.3
1992-06-10,676.9
1992-06-11,679.4
1992-06-12,681.8
1992-06-15,682.0
1992-06-16,681.1
1992-06-17,680.0
1992-06-18,681.2
1992-06-19,679.4
1992-06-22,682.2
1992-06-23,683.0
1992-06-24,681.3
1992-06-25,681.6
1992-06-26,680.9
1992-06-29,682.1
1992-06-30,681.4
1992-07-01,682.6
1992-07-02,684.5
1992-07-03,
1992-07-06,684.4
1992-07-07,684.0
1992-07-08,685.3
1992-07-09,686.3
1992-07-10,685.9
1992-07-13,686.7
1992-07-14,688.7
1992-07-15,691.6
1992-07-16,690.1
1992-07-17,694.9
1992-07-20,696.5
1992-07-21,695.1
1992-07-22,696.3
1992-07-23,695.9
1992-07-24,696.4
1992-07-27,695.1
1992-07-28,696.1
1992-07-29,693.6
1992-07-30,693.8
1992-07-31,694.6
1992-08-03,689.7
1992-08-04,689.7
1992-08-05,686.1
1992-08-06,685.9
1992-08-07,687.2
1992-08-10,687.3
1992-08-11,684.2
1992-08-12,675.3
1992-08-13,670.6
1992-08-14,671.3
1992-08-17,673.4
1992-08-18,672.3
1992-08-19,674.4
1992-08-20,673.9
1992-08-21,673.7
1992-08-24,677.9
1992-08-25,676.9
1992-08-26,674.5
1992-08-27,675.3
1992-08-28,676.0
1992-08-31,678.8
1992-09-01,676.9
1992-09-02,674.6
1992-09-03,676.9
1992-09-04,677.4
1992-09-07,
1992-09-08,678.3
1992-09-09,677.9
1992-09-10,677.9
1992-09-11,676.6
1992-09-14,682.5
1992-09-15,682.1
1992-09-16,685.4
1992-09-17,683.5
1992-09-18,686.7
1992-09-21,683.1
1992-09-22,684.4
1992-09-23,684.1
1992-09-24,684.7
1992-09-25,684.8
1992-09-28,683.1
1992-09-29,683.6
1992-09-30,683.1
1992-10-01,682.8
1992-10-02,683.3
1992-10-05,685.7
1992-10-06,685.1
1992-10-07,685.9
1992-10-08,684.7
1992-10-09,685.1
1992-10-12,679.8
1992-10-13,678.6
1992-10-14,677.4
1992-10-15,675.6
1992-10-16,676.9
1992-10-19,677.1
1992-10-20,678.3
1992-10-21,678.5
1992-10-22,677.4
1992-10-23,677.9
1992-10-26,675.4
1992-10-27,671.7
1992-10-28,673.8
1992-10-29,673.9
1992-10-30,673.8
1992-11-02,674.3
1992-11-03,671.9
1992-11-04,671.4
1992-11-05,670.5
1992-11-06,669.9
1992-11-09,666.8
1992-11-10,663.8
1992-11-11,665.8
1992-11-12,667.2
1992-11-13,669.1
1992-11-16,667.7
1992-11-17,668.1
1992-11-18,669.0
1992-11-19,669.1
1992-11-20,669.0
1992-11-23,668.0
1992-11-24,667.8
1992-11-25,667.2
1992-11-26,
1992-11-27,668.0
1992-11-30,668.0
1992-12-01,668.6
1992-12-02,669.4
1992-12-03,668.9
1992-12-04,669.1
1992-12-07,669.5
1992-12-08,668.8
1992-12-09,667.0
1992-12-10,667.5
1992-12-11,668.5
1992-12-14,667.9
1992-12-15,667.8
1992-12-16,671.2
1992-12-17,671.7
1992-12-18,670.2
1992-12-21,667.1
1992-12-22,665.3
1992-12-23,665.9
1992-12-24,665.9
1992-12-25,
1992-12-28,665.9
1992-12-29,665.3
1992-12-30,665.8
1992-12-31,665.6
1993-01-01,
1993-01-04,660.9
1993-01-05,661.5
1993-01-06,662.6
1993-01-07,661.5
1993-01-08,662.0
1993-01-11,660.3
1993-01-12,661.3
1993-01-13,660.1
1993-01-14,659.8
1993-01-15,659.5
1993-01-18,660.5
1993-01-19,661.1
1993-01-20,662.3
1993-01-21,661.7
1993-01-22,660.9
1993-01-25,660.9
1993-01-26,663.1
1993-01-27,661.9
1993-01-28,662.7
1993-01-29,662.3
1993-02-01,662.3
1993-02-02,662.2
1993-02-03,661.1
1993-02-04,660.8
1993-02-05,660.5
1993-02-08,660.7
1993-02-09,661.2
1993-02-10,665.4
1993-02-11,664.4
1993-02-12,661.6
1993-02-15,
1993-02-16,665.1
1993-02-17,663.2
1993-02-18,663.2
1993-02-19,662.7
1993-02-22,660.5
1993-02-23,663.3
1993-02-24,662.1
1993-02-25,662.3
1993-02-26,660.8
1993-03-01,661.0
1993-03-02,662.2
1993-03-03,661.4
1993-03-04,661.2
1993-03-05,662.1
1993-03-08,659.3
1993-03-09,658.8
1993-03-10,658.5
1993-03-11,659.2
1993-03-12,660.1
1993-03-15,661.5
1993-03-16,661.3
1993-03-17,661.4
1993-03-18,662.9
1993-03-19,664.0
1993-03-22,665.0
1993-03-23,664.1
1993-03-24,664.6
1993-03-25,664.8
1993-03-26,664.6
1993-03-29,664.3
1993-03-30,669.2
1993-03-31,669.7
1993-04-01,670.6
1993-04-02,672.7
1993-04-05,671.4
1993-04-06,669.7
1993-04-07,670.1
1993-04-08,669.3
1993-04-09,
1993-04-12,668.6
1993-04-13,669.2
1993-04-14,671.2
1993-04-15,668.7
1993-04-16,670.6
1993-04-19,671.9
1993-04-20,671.5
1993-04-21,671.1
1993-04-22,671.6
1993-04-23,677.9
1993-04-26,684.2
1993-04-27,682.5
1993-04-28,684.8
1993-04-29,687.8
1993-04-30,687.6
1993-05-03,685.7
1993-05-04,686.1
1993-05-05,685.9
1993-05-06,688.7
1993-05-07,687.8
1993-05-10,687.6
1993-05-11,687.7
1993-05-12,692.2
1993-05-13,699.7
1993-05-14,698.7
1993-05-17,698.4
1993-05-18,706.4
1993-05-19,704.7
1993-05-20,705.2
1993-05-21,708.5
1993-05-24,704.7
1993-05-25,709.3
1993-05-26,706.0
1993-05-27,712.0
1993-05-28,708.9
1993-05-31,
1993-06-01,699.8
1993-06-02,699.2
1993-06-03,704.6
1993-06-04,707.0
1993-06-07,704.2
1993-06-08,704.2
1993-06-09,701.6
1993-06-10,699.6
1993-06-11,696.0
1993-06-14,695.0
1993-06-15,699.2
1993-06-16,699.9
1993-06-17,700.7
1993-06-18,701.1
1993-06-21,699.7
1993-06-22,698.3
1993-06-23,704.1
1993-06-24,704.7
1993-06-25,706.8
1993-06-28,704.8
1993-06-29,708.2
1993-06-30,707.9
1993-07-01,717.0
1993-07-02,715.5
1993-07-05,
1993-07-06,722.0
1993-07-07,726.7
1993-07-08,724.5
1993-07-09,721.2
1993-07-12,723.8
1993-07-13,723.4
1993-07-14,720.3
1993-07-15,722.8
1993-07-16,721.8
1993-07-19,721.4
1993-07-20,721.2
1993-07-21,718.5
1993-07-22,720.3
1993-07-23,719.0
1993-07-26,722.2
1993-07-27,720.3
1993-07-28,722.5
1993-07-29,726.9
1993-07-30,736.0
1993-08-02,734.9
1993-08-03,732.3
1993-08-04,728.0
1993-08-05,705.6
1993-08-06,704.8
1993-08-09,711.7
1993-08-10,709.3
1993-08-11,703.6
1993-08-12,695.6
1993-08-13,697.5
1993-08-16,701.3
1993-08-17,699.8
1993-08-18,702.5
1993-08-19,699.4
1993-08-20,701.4
1993-08-23,700.5
1993-08-24,699.9
1993-08-25,700.5
1993-08-26,695.8
1993-08-27,697.1
1993-08-30,698.3
1993-08-31,700.7
1993-09-01,697.6
1993-09-02,691.3
1993-09-03,692.1
1993-09-06,
1993-09-07,677.6
1993-09-08,678.7
1993-09-09,681.6
1993-09-10,677.5
1993-09-13,669.9
1993-09-14,672.0
1993-09-15,674.7
1993-09-16,679.8
1993-09-17,677.9
1993-09-20,680.6
1993-09-21,690.1
1993-09-22,681.1
1993-09-23,685.1
1993-09-24,684.5
1993-09-27,680.8
1993-09-28,682.4
1993-09-29,679.8
1993-09-30,682.2
1993-10-01,682.0
1993-10-04,679.7
1993-10-05,679.9
1993-10-06,683.3
1993-10-07,683.6
1993-10-08,686.6
1993-10-11,686.8
1993-10-12,694.3
1993-10-13,692.7
1993-10-14,691.7
1993-10-15,691.3
1993-10-18,694.7
1993-10-19,695.4
1993-10-20,698.9
1993-10-21,697.9
1993-10-22,696.4
1993-10-25,695.6
1993-10-26,695.4
1993-10-27,695.8
1993-10-28,695.3
1993-10-29,694.7
1993-11-01,687.2
1993-11-02,688.7
1993-11-03,693.1
1993-11-04,697.5
1993-11-05,702.9
1993-11-08,700.6
1993-11-09,701.7
1993-11-10,702.5
1993-11-11,701.5
1993-11-12,698.7
1993-11-15,700.8
1993-11-16,699.7
1993-11-17,702.3
1993-11-18,701.8
1993-11-19,703.4
1993-11-22,703.6
1993-11-23,702.5
1993-11-24,702.3
1993-11-25,
1993-11-26,
1993-11-29,694.6
1993-11-30,695.0
1993-12-01,699.7
1993-12-02,698.7
1993-12-03,701.7
1993-12-06,700.9
1993-12-07,702.4
1993-12-08,708.8
1993-12-09,707.5
1993-12-10,708.0
1993-12-13,711.7
1993-12-14,711.7
1993-12-15,712.1
1993-12-16,710.6
1993-12-17,712.0
1993-12-20,713.9
1993-12-21,712.4
1993-12-22,710.3
1993-12-23,710.1
1993-12-24,
1993-12-27,712.2
1993-12-28,711.6
1993-12-29,714.9
1993-12-30,715.0
1993-12-31,
1994-01-03,717.8
1994-01-04,718.2
1994-01-05,715.2
1994-01-06,713.2
1994-01-07,710.3
1994-01-10,708.8
1994-01-11,711.8
1994-01-12,710.0
1994-01-13,713.7
1994-01-14,713.2
1994-01-17,715.3
1994-01-18,716.7
1994-01-19,715.8
1994-01-20,711.0
1994-01-21,704.7
1994-01-24,704.4
1994-01-25,704.6
1994-01-26,707.7
1994-01-27,700.5
1994-01-28,700.0
1994-01-31,704.6
1994-02-01,707.1
1994-02-02,707.6
1994-02-03,710.2
1994-02-04,709.4
1994-02-07,701.8
1994-02-08,705.2
1994-02-09,706.8
1994-02-10,704.8
1994-02-11,702.8
1994-02-14,706.7
1994-02-15,706.6
1994-02-16,706.4
1994-02-17,705.4
1994-02-18,702.7
1994-02-21,
1994-02-22,700.3
1994-02-23,700.0
1994-02-24,698.7
1994-02-25,700.9
1994-02-28,703.6
1994-03-01,700.5
1994-03-02,700.2
1994-03-03,699.6
1994-03-04,699.9
1994-03-07,698.2
1994-03-08,699.0
1994-03-09,701.4
1994-03-10,709.6
1994-03-11,707.5
1994-03-14,708.6
1994-03-15,709.0
1994-03-16,707.0
1994-03-17,704.4
1994-03-18,709.0
1994-03-21,707.7
1994-03-22,711.2
1994-03-23,708.9
1994-03-24,713.5
1994-03-25,712.8
1994-03-28,709.7
1994-03-29,707.6
1994-03-30,707.7
1994-03-31,713.4
1994-04-01,
1994-04-04,707.8
1994-04-05,705.8
1994-04-06,706.2
1994-04-07,705.2
1994-04-08,705.4
1994-04-11,699.0
1994-04-12,699.5
1994-04-13,699.1
1994-04-14,699.4
1994-04-15,698.5
1994-04-18,697.6
1994-04-19,692.3
1994-04-20,693.0
1994-04-21,693.8
1994-04-22,691.2
1994-04-25,694.0
1994-04-26,694.4
1994-04-27,
1994-04-28,695.9
1994-04-29,696.9
1994-05-02,696.5
1994-05-03,695.9
1994-05-04,696.8
1994-05-05,693.8
1994-05-06,703.6
1994-05-09,701.4
1994-05-10,698.9
1994-05-11,701.8
1994-05-12,699.9
1994-05-13,700.6
1994-05-16,702.8
1994-05-17,701.1
1994-05-18,701.6
1994-05-19,700.6
1994-05-20,705.2
1994-05-23,709.0
1994-05-24,706.4
1994-05-25,706.0
1994-05-26,703.1
1994-05-27,703.7
1994-05-30,
1994-05-31,706.0
1994-06-01,702.3
1994-06-02,702.8
1994-06-03,699.2
1994-06-06,698.8
1994-06-07,699.4
1994-06-08,700.0
1994-06-09,701.2
1994-06-10,701.7
1994-06-13,701.5
1994-06-14,702.3
1994-06-15,704.9
1994-06-16,703.4
1994-06-17,709.6
1994-06-20,706.8
1994-06-21,712.2
1994-06-22,707.3
1994-06-23,707.4
1994-06-24,708.8
1994-06-27,702.3
1994-06-28,703.8
1994-06-29,702.2
1994-06-30,703.3
1994-07-01,704.1
1994-07-04,
1994-07-05,702.9
1994-07-06,700.6
1994-07-07,701.7
1994-07-08,701.0
1994-07-11,704.0
1994-07-12,702.2
1994-07-13,700.0
1994-07-14,700.4
1994-07-15,702.4
1994-07-18,702.2
1994-07-19,703.1
1994-07-20,701.6
1994-07-21,700.3
1994-07-22,701.0
1994-07-25,700.9
1994-07-26,703.2
1994-07-27,703.8
1994-07-28,700.9
1994-07-29,699.0
1994-08-01,699.2
1994-08-02,694.2
1994-08-03,693.0
1994-08-04,693.0
1994-08-05,692.8
1994-08-08,692.2
1994-08-09,692.9
1994-08-10,692.5
1994-08-11,693.9
1994-08-12,691.4
1994-08-15,692.4
1994-08-16,692.9
1994-08-17,692.3
1994-08-18,695.9
1994-08-19,696.9
1994-08-22,696.7
1994-08-23,696.5
1994-08-24,698.5
1994-08-25,698.0
1994-08-26,698.0
1994-08-29,701.8
1994-08-30,700.7
1994-08-31,700.7
1994-09-01,701.2
1994-09-02,701.3
1994-09-05,
1994-09-06,702.1
1994-09-07,704.3
1994-09-08,704.5
1994-09-09,705.7
1994-09-12,704.8
1994-09-13,704.4
1994-09-14,702.8
1994-09-15,701.8
1994-09-16,703.4
1994-09-19,703.4
1994-09-20,707.0
1994-09-21,707.6
1994-09-22,708.8
1994-09-23,709.4
1994-09-26,707.6
1994-09-27,711.2
1994-09-28,707.7
1994-09-29,708.5
1994-09-30,707.4
1994-10-03,708.0
1994-10-04,705.5
1994-10-05,705.0
1994-10-06,704.9
1994-10-07,703.6
1994-10-10,703.2
1994-10-11,700.0
1994-10-12,700.4
1994-10-13,698.4
1994-10-14,699.8
1994-10-17,701.9
1994-10-18,701.1
1994-10-19,702.1
1994-10-20,703.1
1994-10-21,702.6
1994-10-24,701.2
1994-10-25,701.0
1994-10-26,700.8
1994-10-27,700.0
1994-10-28,698.5
1994-10-31,694.7
1994-11-01,695.5
1994-11-02,695.3
1994-11-03,694.2
1994-11-04,694.5
1994-11-07,693.1
1994-11-08,694.6
1994-11-09,694.3
1994-11-10,695.7
1994-11-11,695.5
1994-11-14,695.1
1994-11-15,697.2
1994-11-16,696.6
1994-11-17,695.7
1994-11-18,694.3
1994-11-21,693.4
1994-11-22,693.8
1994-11-23,694.4
1994-11-24,
1994-11-25,
1994-11-28,692.7
1994-11-29,692.1
1994-11-30,690.5
1994-12-01,688.3
1994-12-02,685.0
1994-12-05,685.0
1994-12-06,685.1
1994-12-07,685.2
1994-12-08,685.7
1994-12-09,685.9
1994-12-12,686.3
1994-12-13,686.3
1994-12-14,687.5
1994-12-15,688.7
1994-12-16,687.1
1994-12-19,687.7
1994-12-20,690.2
1994-12-21,689.8
1994-12-22,688.9
1994-12-23,688.3
1994-12-26,
1994-12-27,689.3
1994-12-28,691.3
1994-12-29,690.1
1994-12-30,690.4
1995-01-02,
1995-01-03,686.9
1995-01-04,681.3
1995-01-05,682.6
1995-01-06,678.2
1995-01-09,680.0
1995-01-10,681.1
1995-01-11,683.3
1995-01-12,687.4
1995-01-13,685.3
1995-01-16,684.3
1995-01-17,686.6
1995-01-18,688.6
1995-01-19,689.5
1995-01-20,691.3
1995-01-23,687.3
1995-01-24,687.5
1995-01-25,686.4
1995-01-26,686.8
1995-01-27,681.5
1995-01-30,681.6
1995-01-31,679.9
1995-02-01,681.0
1995-02-02,681.4
1995-02-03,681.0
1995-02-06,680.4
1995-02-07,679.4
1995-02-08,680.4
1995-02-09,680.9
1995-02-10,680.5
1995-02-13,680.0
1995-02-14,680.5
1995-02-15,680.6
1995-02-16,680.5
1995-02-17,682.6
1995-02-20,
1995-02-21,682.6
1995-02-22,683.4
1995-02-23,682.9
1995-02-24,680.0
1995-02-27,679.7
1995-02-28,680.0
1995-03-01,677.9
1995-03-02,679.6
1995-03-03,679.5
1995-03-06,682.0
1995-03-07,687.0
1995-03-08,682.5
1995-03-09,684.1
1995-03-10,684.8
1995-03-13,687.8
1995-03-14,688.3
1995-03-15,688.8
1995-03-16,687.1
1995-03-17,685.6
1995-03-20,684.9
1995-03-21,684.2
1995-03-22,684.8
1995-03-23,685.4
1995-03-24,683.6
1995-03-27,683.4
1995-03-28,684.2
1995-03-29,683.7
1995-03-30,687.3
1995-03-31,693.0
1995-04-03,693.6
1995-04-04,693.8
1995-04-05,695.9
1995-04-06,695.2
1995-04-07,694.4
1995-04-10,691.3
1995-04-11,691.7
1995-04-12,691.4
1995-04-13,691.1
1995-04-14,
1995-04-17,695.2
1995-04-18,696.5
1995-04-19,696.1
1995-04-20,693.4
1995-04-21,691.4
1995-04-24,691.8
1995-04-25,691.0
1995-04-26,686.7
1995-04-27,688.6
1995-04-28,687.2
1995-05-01,688.5
1995-05-02,689.3
1995-05-03,690.1
1995-05-04,691.7
1995-05-05,691.1
1995-05-08,689.6
1995-05-09,683.3
1995-05-10,683.2
1995-05-11,683.1
1995-05-12,683.0
1995-05-15,684.3
1995-05-16,684.2
1995-05-17,682.9
1995-05-18,682.9
1995-05-19,681.7
1995-05-22,681.4
1995-05-23,682.4
1995-05-24,683.1
1995-05-25,684.1
1995-05-26,684.8
1995-05-29,
1995-05-30,683.3
1995-05-31,683.0
1995-06-01,683.8
1995-06-02,682.4
1995-06-05,683.1
1995-06-06,683.3
1995-06-07,685.1
1995-06-08,685.1
1995-06-09,686.8
1995-06-12,685.9
1995-06-13,685.1
1995-06-14,686.3
1995-06-15,689.6
1995-06-16,688.4
1995-06-19,689.9
1995-06-20,689.1
1995-06-21,688.2
1995-06-22,687.6
1995-06-23,687.8
1995-06-26,687.5
1995-06-27,686.7
1995-06-28,684.5
1995-06-29,685.1
1995-06-30,681.3
1995-07-03,
1995-07-04,
1995-07-05,680.9
1995-07-06,680.8
1995-07-07,682.3
1995-07-10,682.2
1995-07-11,682.3
1995-07-12,685.9
1995-07-13,685.0
1995-07-14,685.3
1995-07-17,685.7
1995-07-18,685.9
1995-07-19,684.2
1995-07-20,682.1
1995-07-21,682.4
1995-07-24,683.1
1995-07-25,681.9
1995-07-26,682.1
1995-07-27,678.8
1995-07-28,678.6
1995-07-31,677.7
1995-08-01,678.3
1995-08-02,678.3
1995-08-03,679.7
1995-08-04,678.7
1995-08-07,679.0
1995-08-08,679.8
1995-08-09,679.7
1995-08-10,679.4
1995-08-11,678.7
1995-08-14,679.3
1995-08-15,680.3
1995-08-16,677.3
1995-08-17,678.4
1995-08-18,679.3
1995-08-21,679.1
1995-08-22,677.5
1995-08-23,677.9
1995-08-24,677.4
1995-08-25,677.3
1995-08-28,677.3
1995-08-29,676.4
1995-08-30,675.4
1995-08-31,676.5
1995-09-01,674.4
1995-09-04,
1995-09-05,673.8
1995-09-06,674.0
1995-09-07,676.5
1995-09-08,675.6
1995-09-11,676.6
1995-09-12,679.1
1995-09-13,678.2
1995-09-14,679.4
1995-09-15,678.8
1995-09-18,679.4
1995-09-19,679.0
1995-09-20,677.4
1995-09-21,677.8
1995-09-22,675.8
1995-09-25,676.0
1995-09-26,676.6
1995-09-27,676.2
1995-09-28,676.1
1995-09-29,676.2
1995-10-02,674.5
1995-10-03,674.9
1995-10-04,675.3
1995-10-05,674.8
1995-10-06,675.8
1995-10-09,677.5
1995-10-10,677.3
1995-10-11,677.1
1995-10-12,676.7
1995-10-13,676.1
1995-10-16,675.8
1995-10-17,675.7
1995-10-18,675.6
1995-10-19,673.5
1995-10-20,673.8
1995-10-23,673.9
1995-10-24,673.9
1995-10-25,674.2
1995-10-26,674.0
1995-10-27,673.6
1995-10-30,673.5
1995-10-31,674.0
1995-11-01,673.5
1995-11-02,673.9
1995-11-03,673.4
1995-11-06,673.4
1995-11-07,676.3
1995-11-08,675.9
1995-11-09,677.1
1995-11-10,680.2
1995-11-13,677.8
1995-11-14,676.2
1995-11-15,675.3
1995-11-16,675.9
1995-11-17,677.2
1995-11-20,676.8
1995-11-21,675.0
1995-11-22,671.6
1995-11-23,
1995-11-24,
1995-11-27,673.9
1995-11-28,677.0
1995-11-29,677.3
1995-11-30,676.7
1995-12-01,675.5
1995-12-04,675.4
1995-12-05,676.8
1995-12-06,678.4
1995-12-07,678.6
1995-12-08,679.5
1995-12-11,678.1
1995-12-12,677.9
1995-12-13,676.0
1995-12-14,675.4
1995-12-15,675.7
1995-12-18,676.7
1995-12-19,676.5
1995-12-20,677.7
1995-12-21,676.8
1995-12-22,676.3
1995-12-25,
1995-12-26,676.7
1995-12-27,675.8
1995-12-28,675.9
1995-12-29,676.2
1996-01-01,
1996-01-02,680.0
1996-01-03,684.3
1996-01-04,683.5
1996-01-05,684.6
1996-01-08,
1996-01-09,685.0
1996-01-10,688.3
1996-01-11,687.4
1996-01-12,684.8
1996-01-15,684.2
1996-01-16,686.9
1996-01-17,688.1
1996-01-18,685.7
1996-01-19,688.1
1996-01-22,692.2
1996-01-23,692.5
1996-01-24,692.2
1996-01-25,695.5
1996-01-26,694.8
1996-01-29,695.0
1996-01-30,693.2
1996-01-31,694.7
1996-02-01,699.9
1996-02-02,704.1
1996-02-05,702.6
1996-02-06,701.4
1996-02-07,698.1
1996-02-08,698.2
1996-02-09,694.4
1996-02-12,689.9
1996-02-13,691.9
1996-02-14,693.4
1996-02-15,692.7
1996-02-16,694.5
1996-02-19,
1996-02-20,688.1
1996-02-21,690.9
1996-02-22,688.4
1996-02-23,686.7
1996-02-26,687.4
1996-02-27,686.4
1996-02-28,689.0
1996-02-29,688.2
1996-03-01,687.2
1996-03-04,682.1
1996-03-05,681.5
1996-03-06,681.3
1996-03-07,683.3
1996-03-08,685.3
1996-03-11,683.8
1996-03-12,684.7
1996-03-13,684.9
1996-03-14,683.7
1996-03-15,684.1
1996-03-18,683.5
1996-03-19,683.2
1996-03-20,683.6
1996-03-21,685.7
1996-03-22,685.9
1996-03-25,686.0
1996-03-26,687.5
1996-03-27,687.4
1996-03-28,683.9
1996-03-29,682.6
1996-04-01,681.9
1996-04-02,680.8
1996-04-03,681.0
1996-04-04,681.8
1996-04-05,
1996-04-08,684.9
1996-04-09,681.3
1996-04-10,681.7
1996-04-11,682.5
1996-04-12,681.3
1996-04-15,679.7
1996-04-16,677.7
1996-04-17,677.2
1996-04-18,676.6
1996-04-19,676.9
1996-04-22,677.8
1996-04-23,677.6
1996-04-24,676.9
1996-04-25,679.5
1996-04-26,676.4
1996-04-29,676.6
1996-04-30,677.7
1996-05-01,679.1
1996-05-02,679.9
1996-05-03,678.3
1996-05-06,679.9
1996-05-07,680.0
1996-05-08,679.0
1996-05-09,678.7
1996-05-10,676.2
1996-05-13,676.9
1996-05-14,677.1
1996-05-15,677.7
1996-05-16,677.7
1996-05-17,677.2
1996-05-20,675.5
1996-05-21,675.6
1996-05-22,676.5
1996-05-23,676.3
1996-05-24,675.6
1996-05-27,
1996-05-28,676.2
1996-05-29,675.9
1996-05-30,675.5
1996-05-31,676.0
1996-06-03,675.2
1996-06-04,672.3
1996-06-05,670.3
1996-06-06,669.7
1996-06-07,669.0
1996-06-10,669.9
1996-06-11,668.2
1996-06-12,668.1
1996-06-13,667.8
1996-06-14,668.4
1996-06-17,668.6
1996-06-18,669.0
1996-06-19,667.8
1996-06-20,667.6
1996-06-21,668.1
1996-06-24,668.0
1996-06-25,666.7
1996-06-26,665.9
1996-06-27,664.8
1996-06-28,662.7
1996-07-01,663.8
1996-07-02,664.4
1996-07-03,663.6
1996-07-04,
1996-07-05,
1996-07-08,663.3
1996-07-09,664.7
1996-07-10,664.6
1996-07-11,665.8
1996-07-12,665.5
1996-07-15,667.0
1996-07-16,665.4
1996-07-17,665.4
1996-07-18,665.8
1996-07-19,666.5
1996-07-22,666.7
1996-07-23,666.7
1996-07-24,667.6
1996-07-25,667.2
1996-07-26,667.2
1996-07-29,666.3
1996-07-30,666.3
1996-07-31,669.0
1996-08-01,667.9
1996-08-02,669.1
1996-08-05,670.8
1996-08-06,670.2
1996-08-07,669.9
1996-08-08,670.2
1996-08-09,669.0
1996-08-12,669.1
1996-08-13,668.9
1996-08-14,667.4
1996-08-15,667.3
1996-08-16,667.0
1996-08-19,668.0
1996-08-20,668.5
1996-08-21,667.4
1996-08-22,668.1
1996-08-23,668.7
1996-08-26,669.9
1996-08-27,669.4
1996-08-28,668.5
1996-08-29,667.9
1996-08-30,666.8
1996-09-02,
1996-09-03,666.0
1996-09-04,665.4
1996-09-05,665.2
1996-09-06,664.5
1996-09-09,662.9
1996-09-10,662.5
1996-09-11,662.3
1996-09-12,661.5
1996-09-13,661.4
1996-09-16,662.1
1996-09-17,661.9
1996-09-18,662.1
1996-09-19,661.4
1996-09-20,659.7
1996-09-23,660.2
1996-09-24,661.5
1996-09-25,661.1
1996-09-26,659.4
1996-09-27,658.6
1996-09-30,656.3
1996-10-01,656.8
1996-10-02,658.1
1996-10-03,658.5
1996-10-04,658.4
1996-10-07,658.4
1996-10-08,659.2
1996-10-09,659.3
1996-10-10,660.3
1996-10-11,659.2
1996-10-14,659.6
1996-10-15,659.1
1996-10-16,658.8
1996-10-17,658.4
1996-10-18,657.9
1996-10-21,659.7
1996-10-22,661.9
1996-10-23,661.7
1996-10-24,660.7
1996-10-25,660.4
1996-10-28,660.4
1996-10-29,657.4
1996-10-30,657.1
1996-10-31,654.9
1996-11-01,655.0
1996-11-04,655.4
1996-11-05,655.4
1996-11-06,654.5
1996-11-07,655.4
1996-11-08,656.3
1996-11-11,658.6
1996-11-12,659.2
1996-11-13,660.0
1996-11-14,657.6
1996-11-15,656.9
1996-11-18,655.5
1996-11-19,654.2
1996-11-20,655.0
1996-11-21,652.4
1996-11-22,652.1
1996-11-25,650.2
1996-11-26,650.8
1996-11-27,649.0
1996-11-28,
1996-11-29,
1996-12-02,644.9
1996-12-03,644.4
1996-12-04,646.5
1996-12-05,647.0
1996-12-06,644.8
1996-12-09,643.7
1996-12-10,644.5
1996-12-11,644.6
1996-12-12,644.8
1996-12-13,644.4
1996-12-16,643.9
1996-12-17,644.5
1996-12-18,645.3
1996-12-19,645.1
1996-12-20,644.5
1996-12-23,644.6
1996-12-24,644.6
1996-12-25,
1996-12-26,645.1
1996-12-27,645.1
1996-12-30,645.2
1996-12-31,643.2
1997-01-01,
1997-01-02,640.6
1997-01-03,636.0
1997-01-06,632.7
1997-01-07,633.7
1997-01-08,630.8
1997-01-09,632.8
1997-01-10,634.2
1997-01-13,633.7
1997-01-14,628.7
1997-01-15,627.2
1997-01-16,629.0
1997-01-17,630.4
1997-01-20,628.6
1997-01-21,627.8
1997-01-22,625.6
1997-01-23,626.4
1997-01-24,627.5
1997-01-27,631.6
1997-01-28,628.1
1997-01-29,625.5
1997-01-30,619.8
1997-01-31,618.3
1997-02-03,620.8
1997-02-04,618.7
1997-02-05,618.7
1997-02-06,617.4
1997-02-07,616.3
1997-02-10,615.4
1997-02-11,614.1
1997-02-12,617.7
1997-02-13,615.3
1997-02-14,618.8
1997-02-17,
1997-02-18,619.8
1997-02-19,619.7
1997-02-20,624.7
1997-02-21,626.2
1997-02-24,627.3
1997-02-25,628.2
1997-02-26,628.1
1997-02-27,633.3
1997-02-28,637.4
1997-03-03,636.1
1997-03-04,632.7
1997-03-05,626.4
1997-03-06,625.7
1997-03-07,622.0
1997-03-10,625.3
1997-03-11,627.4
1997-03-12,625.7
1997-03-13,627.1
1997-03-14,625.7
1997-03-17,621.0
1997-03-18,622.9
1997-03-19,625.4
1997-03-20,624.7
1997-03-21,626.0
1997-03-24,623.1
1997-03-25,620.6
1997-03-26,623.6
1997-03-27,622.6
1997-03-28,
1997-03-31,624.1
1997-04-01,624.8
1997-04-02,622.2
1997-04-03,621.5
1997-04-04,621.8
1997-04-07,621.2
1997-04-08,621.3
1997-04-09,620.5
1997-04-10,621.0
1997-04-11,619.4
1997-04-14,618.8
1997-04-15,614.0
1997-04-16,613.4
1997-04-17,614.4
1997-04-18,613.5
1997-04-21,615.0
1997-04-22,613.5
1997-04-23,613.4
1997-04-24,612.8
1997-04-25,614.0
1997-04-28,611.5
1997-04-29,611.7
1997-04-30,611.3
1997-05-01,611.8
1997-05-02,611.7
1997-05-05,614.4
1997-05-06,611.6
1997-05-07,612.5
1997-05-08,614.9
1997-05-09,619.4
1997-05-12,618.8
1997-05-13,620.6
1997-05-14,618.3
1997-05-15,618.5
1997-05-16,615.0
1997-05-19,612.3
1997-05-20,613.5
1997-05-21,613.8
1997-05-22,613.2
1997-05-23,613.0
1997-05-26,
1997-05-27,614.5
1997-05-28,615.0
1997-05-29,615.9
1997-05-30,614.8
1997-06-02,613.7
1997-06-03,612.9
1997-06-04,610.7
1997-06-05,612.8
1997-06-06,612.9
1997-06-09,613.5
1997-06-10,613.3
1997-06-11,613.2
1997-06-12,610.8
1997-06-13,610.3
1997-06-16,612.0
1997-06-17,610.9
1997-06-18,608.2
1997-06-19,609.7
1997-06-20,606.6
1997-06-23,608.3
1997-06-24,606.7
1997-06-25,606.2
1997-06-26,607.0
1997-06-27,603.1
1997-06-30,602.4
1997-07-01,602.1
1997-07-02,599.2
1997-07-03,592.2
1997-07-04,
1997-07-07,585.8
1997-07-08,587.5
1997-07-09,585.2
1997-07-10,587.0
1997-07-11,588.4
1997-07-14,586.9
1997-07-15,585.1
1997-07-16,584.9
1997-07-17,591.0
1997-07-18,596.0
1997-07-21,592.5
1997-07-22,592.4
1997-07-23,590.1
1997-07-24,590.2
1997-07-25,593.0
1997-07-28,596.2
1997-07-29,592.5
1997-07-30,593.2
1997-07-31,591.2
1997-08-01,591.5
1997-08-04,590.7
1997-08-05,587.2
1997-08-06,585.1
1997-08-07,588.4
1997-08-08,593.0
1997-08-11,595.1
1997-08-12,593.5
1997-08-13,593.5
1997-08-14,590.8
1997-08-15,592.3
1997-08-18,587.6
1997-08-19,589.4
1997-08-20,587.6
1997-08-21,589.5
1997-08-22,592.5
1997-08-25,590.8
1997-08-26,591.7
1997-08-27,591.5
1997-08-28,589.8
1997-08-29,590.2
1997-09-01,
1997-09-02,588.7
1997-09-03,588.0
1997-09-04,587.3
1997-09-05,588.5
1997-09-08,587.8
1997-09-09,587.3
1997-09-10,587.3
1997-09-11,589.8
1997-09-12,589.5
1997-09-15,588.0
1997-09-16,586.1
1997-09-17,585.5
1997-09-18,586.0
1997-09-19,586.3
1997-09-22,586.4
1997-09-23,587.5
1997-09-24,589.2
1997-09-25,592.8
1997-09-26,592.3
1997-09-29,593.7
1997-09-30,600.2
1997-10-01,599.4
1997-10-02,596.8
1997-10-03,600.2
1997-10-06,597.9
1997-10-07,596.6
1997-10-08,598.6
1997-10-09,592.5
1997-10-10,594.5
1997-10-13,593.1
1997-10-14,592.6
1997-10-15,591.4
1997-10-16,590.1
1997-10-17,589.5
1997-10-20,588.1
1997-10-21,587.2
1997-10-22,586.9
1997-10-23,588.0
1997-10-24,571.9
1997-10-27,575.6
1997-10-28,579.8
1997-10-29,577.7
1997-10-30,580.5
1997-10-31,575.4
1997-11-03,577.7
1997-11-04,578.1
1997-11-05,577.8
1997-11-06,576.5
1997-11-07,574.5
1997-11-10,574.4
1997-11-11,573.9
1997-11-12,571.7
1997-11-13,572.1
1997-11-14,567.6
1997-11-17,568.0
1997-11-18,570.9
1997-11-19,568.3
1997-11-20,567.0
1997-11-21,569.0
1997-11-24,567.0
1997-11-25,564.3
1997-11-26,560.6
1997-11-27,
1997-11-28,
1997-12-01,557.7
1997-12-02,557.9
1997-12-03,556.5
1997-12-04,550.5
1997-12-05,552.5
1997-12-08,552.0
1997-12-09,546.9
1997-12-10,550.6
1997-12-11,548.0
1997-12-12,546.8
1997-12-15,548.4
1997-12-16,547.4
1997-12-17,553.1
1997-12-18,551.2
1997-12-19,553.1
1997-12-22,554.7
1997-12-23,557.5
1997-12-24,559.9
1997-12-25,
1997-12-26,558.2
1997-12-29,554.5
1997-12-30,553.6
1997-12-31,551.9
1998-01-01,
1998-01-02,551.4
1998-01-05,544.7
1998-01-06,544.3
1998-01-07,546.7
1998-01-08,543.8
1998-01-09,541.1
1998-01-12,540.9
1998-01-13,545.8
1998-01-14,544.4
1998-01-15,548.4
1998-01-16,553.1
1998-01-19,
1998-01-20,553.3
1998-01-21,555.3
1998-01-22,553.6
1998-01-23,562.8
1998-01-26,559.4
1998-01-27,563.1
1998-01-28,568.7
1998-01-29,565.7
1998-01-30,565.4
1998-02-02,565.9
1998-02-03,558.0
1998-02-04,562.0
1998-02-05,561.4
1998-02-06,560.8
1998-02-09,562.4
1998-02-10,563.1
1998-02-11,562.6
1998-02-12,561.1
1998-02-13,562.3
1998-02-16,
1998-02-17,560.2
1998-02-18,559.8
1998-02-19,561.2
1998-02-20,559.5
1998-02-23,555.4
1998-02-24,553.5
1998-02-25,553.8
1998-02-26,556.1
1998-02-27,560.8
1998-03-02,561.2
1998-03-03,559.2
1998-03-04,557.6
1998-03-05,554.8
1998-03-06,555.9
1998-03-09,555.6
1998-03-10,557.1
1998-03-11,555.8
1998-03-12,555.8
1998-03-13,556.6
1998-03-16,555.8
1998-03-17,553.0
1998-03-18,552.1
1998-03-19,552.5
1998-03-20,552.7
1998-03-23,560.1
1998-03-24,560.7
1998-03-25,560.2
1998-03-26,562.6
1998-03-27,563.9
1998-03-30,562.8
1998-03-31,562.2
1998-04-01,560.8
1998-04-02,563.1
1998-04-03,569.2
1998-04-06,570.3
1998-04-07,570.9
1998-04-08,570.0
1998-04-09,569.1
1998-04-10,
1998-04-13,571.8
1998-04-14,568.9
1998-04-15,567.9
1998-04-16,568.7
1998-04-17,568.3
1998-04-20,568.5
1998-04-21,571.5
1998-04-22,573.8
1998-04-23,574.7
1998-04-24,573.1
1998-04-27,570.1
1998-04-28,568.3
1998-04-29,570.5
1998-04-30,566.8
1998-05-01,562.5
1998-05-04,564.3
1998-05-05,563.5
1998-05-06,560.5
1998-05-07,558.5
1998-05-08,559.6
1998-05-11,560.1
1998-05-12,557.8
1998-05-13,558.1
1998-05-14,558.6
1998-05-15,560.8
1998-05-18,559.1
1998-05-19,558.2
1998-05-20,559.0
1998-05-21,560.5
1998-05-22,559.3
1998-05-25,
1998-05-26,554.9
1998-05-27,553.0
1998-05-28,552.4
1998-05-29,552.0
1998-06-01,547.4
1998-06-02,550.0
1998-06-03,552.1
1998-06-04,552.4
1998-06-05,550.4
1998-06-08,555.2
1998-06-09,552.3
1998-06-10,551.9
1998-06-11,545.5
1998-06-12,544.1
1998-06-15,543.4
1998-06-16,546.8
1998-06-17,551.8
1998-06-18,551.5
1998-06-19,557.7
1998-06-22,554.0
1998-06-23,553.3
1998-06-24,551.0
1998-06-25,551.9
1998-06-26,551.8
1998-06-29,551.7
1998-06-30,554.9
1998-07-01,554.2
1998-07-02,551.8
1998-07-03,
1998-07-06,551.1
1998-07-07,552.8
1998-07-08,551.1
1998-07-09,549.4
1998-07-10,548.5
1998-07-13,549.3
1998-07-14,550.9
1998-07-15,551.4
1998-07-16,550.9
1998-07-17,551.9
1998-07-20,553.5
1998-07-21,552.4
1998-07-22,551.5
1998-07-23,550.7
1998-07-24,548.3
1998-07-27,547.3
1998-07-28,548.8
1998-07-29,547.0
1998-07-30,545.8
1998-07-31,543.0
1998-08-03,540.4
1998-08-04,545.0
1998-08-05,544.3
1998-08-06,543.9
1998-08-07,543.0
1998-08-10,543.8
1998-08-11,540.4
1998-08-12,539.2
1998-08-13,541.5
1998-08-14,540.1
1998-08-17,541.3
1998-08-18,541.1
1998-08-19,539.2
1998-08-20,541.0
1998-08-21,540.7
1998-08-24,540.6
1998-08-25,539.0
1998-08-26,537.9
1998-08-27,532.1
1998-08-28,530.0
1998-08-31,531.1
1998-09-01,534.4
1998-09-02,535.7
1998-09-03,540.6
1998-09-04,542.4
1998-09-07,
1998-09-08,541.5
1998-09-09,539.7
1998-09-10,546.0
1998-09-11,549.0
1998-09-14,545.6
1998-09-15,545.1
1998-09-16,542.6
1998-09-17,545.8
1998-09-18,546.1
1998-09-21,543.5
1998-09-22,542.4
1998-09-23,544.4
1998-09-24,548.3
1998-09-25,548.1
1998-09-28,549.9
1998-09-29,548.8
1998-09-30,550.9
1998-10-01,554.0
1998-10-02,554.7
1998-10-05,550.9
1998-10-06,550.2
1998-10-07,554.8
1998-10-08,553.9
1998-10-09,550.4
1998-10-12,550.1
1998-10-13,550.4
1998-10-14,549.7
1998-10-15,551.1
1998-10-16,553.6
1998-10-19,549.7
1998-10-20,549.7
1998-10-21,548.7
1998-10-22,545.5
1998-10-23,546.1
1998-10-26,545.5
1998-10-27,546.7
1998-10-28,546.3
1998-10-29,546.7
1998-10-30,545.6
1998-11-02,542.8
1998-11-03,541.6
1998-11-04,543.7
1998-11-05,546.7
1998-11-06,545.9
1998-11-09,545.3
1998-11-10,546.1
1998-11-11,545.6
1998-11-12,549.4
1998-11-13,548.4
1998-11-16,547.5
1998-11-17,546.8
1998-11-18,550.0
1998-11-19,547.8
1998-11-20,548.1
1998-11-23,548.8
1998-11-24,548.3
1998-11-25,548.8
1998-11-26,
1998-11-27,
1998-11-30,544.8
1998-12-01,545.6
1998-12-02,544.9
1998-12-03,543.4
1998-12-04,544.0
1998-12-07,546.6
1998-12-08,545.2
1998-12-09,545.5
1998-12-10,545.6
1998-12-11,542.3
1998-12-14,542.5
1998-12-15,544.0
1998-12-16,546.2
1998-12-17,542.6
1998-12-18,540.1
1998-12-21,539.9
1998-12-22,538.7
1998-12-23,537.7
1998-12-24,537.2
1998-12-25,
1998-12-28,537.5
1998-12-29,536.8
1998-12-30,537.8
1998-12-31,538.9
1999-01-01,
1999-01-04,538.0
1999-01-05,537.5
1999-01-06,538.2
1999-01-07,542.1
1999-01-08,541.7
1999-01-11,543.3
1999-01-12,539.0
1999-01-13,536.7
1999-01-14,537.1
1999-01-15,537.1
1999-01-18,
1999-01-19,536.5
1999-01-20,537.2
1999-01-21,537.6
1999-01-22,536.2
1999-01-25,537.3
1999-01-26,535.6
1999-01-27,532.8
1999-01-28,534.1
1999-01-29,535.7
1999-02-01,538.5
1999-02-02,538.3
1999-02-03,536.9
1999-02-04,538.8
1999-02-05,538.1
1999-02-08,538.9
1999-02-09,536.8
1999-02-10,536.3
1999-02-11,536.9
1999-02-12,538.8
1999-02-15,
1999-02-16,535.0
1999-02-17,533.9
1999-02-18,535.0
1999-02-19,537.1
1999-02-22,536.1
1999-02-23,536.3
1999-02-24,536.7
1999-02-25,536.7
1999-02-26,535.8
1999-03-01,535.2
1999-03-02,535.5
1999-03-03,535.8
1999-03-04,537.0
1999-03-05,537.0
1999-03-08,540.2
1999-03-09,540.9
1999-03-10,541.7
1999-03-11,543.1
1999-03-12,541.1
1999-03-15,535.2
1999-03-16,531.6
1999-03-17,531.8
1999-03-18,531.2
1999-03-19,532.4
1999-03-22,532.6
1999-03-23,532.5
1999-03-24,531.9
1999-03-25,530.9
1999-03-26,527.4
1999-03-29,528.0
1999-03-30,527.0
1999-03-31,527.6
1999-04-01,527.7
1999-04-02,
1999-04-05,526.0
1999-04-06,527.5
1999-04-07,528.0
1999-04-08,528.4
1999-04-09,529.1
1999-04-12,530.2
1999-04-13,531.3
1999-04-14,528.9
1999-04-15,531.0
1999-04-16,531.3
1999-04-19,532.0
1999-04-20,531.6
1999-04-21,531.2
1999-04-22,530.9
1999-04-23,530.6
1999-04-26,528.3
1999-04-27,529.2
1999-04-28,529.8
1999-04-29,533.0
1999-04-30,533.5
1999-05-03,533.3
1999-05-04,532.6
1999-05-05,534.2
1999-05-06,536.4
1999-05-07,529.4
1999-05-10,524.1
1999-05-11,524.5
1999-05-12,523.5
1999-05-13,523.8
1999-05-14,521.9
1999-05-17,520.5
1999-05-18,519.9
1999-05-19,519.1
1999-05-20,520.3
1999-05-21,518.8
1999-05-24,518.4
1999-05-25,516.2
1999-05-26,514.9
1999-05-27,516.2
1999-05-28,516.0
1999-05-31,
1999-06-01,513.4
1999-06-02,510.9
1999-06-03,511.4
1999-06-04,511.0
1999-06-07,511.0
1999-06-08,507.6
1999-06-09,504.9
1999-06-10,503.9
1999-06-11,506.1
1999-06-14,505.8
1999-06-15,504.8
1999-06-16,503.6
1999-06-17,503.7
1999-06-18,504.6
1999-06-21,504.0
1999-06-22,503.6
1999-06-23,505.5
1999-06-24,506.1
1999-06-25,504.5
1999-06-28,505.6
1999-06-29,505.5
1999-06-30,507.1
1999-07-01,507.9
1999-07-02,508.1
1999-07-05,
1999-07-06,501.2
1999-07-07,501.3
1999-07-08,500.8
1999-07-09,501.2
1999-07-12,499.6
1999-07-13,499.8
1999-07-14,498.1
1999-07-15,497.9
1999-07-16,497.7
1999-07-19,497.0
1999-07-20,497.2
1999-07-21,499.4
1999-07-22,499.9
1999-07-23,498.5
1999-07-26,497.7
1999-07-27,497.5
1999-07-28,497.6
1999-07-29,500.5
1999-07-30,499.6
1999-08-02,498.6
1999-08-03,499.7
1999-08-04,500.1
1999-08-05,499.6
1999-08-06,500.3
1999-08-09,501.0
1999-08-10,501.5
1999-08-11,503.2
1999-08-12,504.7
1999-08-13,504.7
1999-08-16,504.0
1999-08-17,505.3
1999-08-18,503.5
1999-08-19,502.6
1999-08-20,501.1
1999-08-23,497.7
1999-08-24,496.2
1999-08-25,495.7
1999-08-26,496.1
1999-08-27,496.8
1999-08-30,497.1
1999-08-31,498.7
1999-09-01,497.0
1999-09-02,498.1
1999-09-03,497.0
1999-09-06,
1999-09-07,498.6
1999-09-08,499.0
1999-09-09,499.9
1999-09-10,499.1
1999-09-13,499.0
1999-09-14,499.4
1999-09-15,498.6
1999-09-16,498.7
1999-09-17,497.1
1999-09-20,497.0
1999-09-21,503.0
1999-09-22,506.7
1999-09-23,508.5
1999-09-24,511.0
1999-09-27,525.0
1999-09-28,551.2
1999-09-29,543.2
1999-09-30,540.7
1999-10-01,546.5
1999-10-04,559.2
1999-10-05,567.2
1999-10-06,567.2
1999-10-07,565.5
1999-10-08,562.9
1999-10-11,561.5
1999-10-12,559.4
1999-10-13,563.0
1999-10-14,555.4
1999-10-15,557.6
1999-10-18,552.9
1999-10-19,550.7
1999-10-20,548.5
1999-10-21,546.7
1999-10-22,544.5
1999-10-25,541.7
1999-10-26,531.6
1999-10-27,535.4
1999-10-28,541.6
1999-10-29,541.5
1999-11-01,532.7
1999-11-02,533.6
1999-11-03,534.5
1999-11-04,534.9
1999-11-05,532.2
1999-11-08,532.3
1999-11-09,534.3
1999-11-10,540.3
1999-11-11,536.1
1999-11-12,533.3
1999-11-15,533.7
1999-11-16,536.5
1999-11-17,536.9
1999-11-18,536.3
1999-11-19,536.8
1999-11-22,536.7
1999-11-23,540.2
1999-11-24,541.2
1999-11-25,
1999-11-26,
1999-11-29,532.9
1999-11-30,532.4
1999-12-01,531.3
1999-12-02,526.5
1999-12-03,521.5
1999-12-06,517.6
1999-12-07,524.8
1999-12-08,523.5
1999-12-09,519.7
1999-12-10,520.4
1999-12-13,521.5
1999-12-14,521.4
1999-12-15,524.0
1999-12-16,523.2
1999-12-17,524.9
1999-12-20,525.4
1999-12-21,528.3
1999-12-22,528.1
1999-12-23,527.9
1999-12-24,
1999-12-27,529.2
1999-12-28,530.9
1999-12-29,531.8
1999-12-30,529.0
1999-12-31,
2000-01-03,
2000-01-04,523.1
2000-01-05,521.5
2000-01-06,521.8
2000-01-07,522.3
2000-01-10,522.1
2000-01-11,523.8
2000-01-12,523.1
2000-01-13,524.5
2000-01-14,524.3
2000-01-17,
2000-01-18,529.0
2000-01-19,529.7
2000-01-20,528.8
2000-01-21,529.1
2000-01-24,527.4
2000-01-25,525.8
2000-01-26,526.0
2000-01-27,526.7
2000-01-28,522.9
2000-01-31,523.2
2000-02-01,522.4
2000-02-02,524.7
2000-02-03,526.8
2000-02-04,550.1
2000-02-07,541.6
2000-02-08,538.7
2000-02-09,545.7
2000-02-10,555.7
2000-02-11,550.6
2000-02-14,548.0
2000-02-15,541.1
2000-02-16,542.0
2000-02-17,540.8
2000-02-18,544.3
2000-02-21,
2000-02-22,544.7
2000-02-23,539.3
2000-02-24,537.8
2000-02-25,531.3
2000-02-28,531.0
2000-02-29,531.1
2000-03-01,530.3
2000-03-02,526.6
2000-03-03,527.2
2000-03-06,526.3
2000-03-07,530.7
2000-03-08,527.5
2000-03-09,529.9
2000-03-10,527.3
2000-03-13,528.8
2000-03-14,526.9
2000-03-15,526.8
2000-03-16,524.1
2000-03-17,522.1
2000-03-20,523.7
2000-03-21,527.7
2000-03-22,525.6
2000-03-23,522.7
2000-03-24,522.4
2000-03-27,517.7
2000-03-28,516.7
2000-03-29,513.2
2000-03-30,513.6
2000-03-31,515.9
2000-04-03,514.9
2000-04-04,521.1
2000-04-05,518.3
2000-04-06,517.2
2000-04-07,517.0
2000-04-10,518.5
2000-04-11,518.2
2000-04-12,518.0
2000-04-13,517.7
2000-04-14,519.1
2000-04-17,518.7
2000-04-18,517.5
2000-04-19,517.0
2000-04-20,516.0
2000-04-21,
2000-04-24,515.7
2000-04-25,514.3
2000-04-26,511.6
2000-04-27,512.9
2000-04-28,509.2
2000-05-01,509.3
2000-05-02,511.5
2000-05-03,513.6
2000-05-04,515.7
2000-05-05,514.6
2000-05-08,512.1
2000-05-09,512.7
2000-05-10,513.2
2000-05-11,511.0
2000-05-12,511.4
2000-05-15,510.9
2000-05-16,510.7
2000-05-17,508.3
2000-05-18,508.2
2000-05-19,509.0
2000-05-22,510.6
2000-05-23,509.0
2000-05-24,508.2
2000-05-25,505.1
2000-05-26,506.6
2000-05-29,
2000-05-30,507.2
2000-05-31,506.5
2000-06-01,507.1
2000-06-02,515.8
2000-06-05,519.8
2000-06-06,523.5
2000-06-07,521.7
2000-06-08,518.5
2000-06-09,518.1
2000-06-12,520.8
2000-06-13,519.8
2000-06-14,525.9
2000-06-15,523.8
2000-06-16,522.8
2000-06-19,519.6
2000-06-20,519.7
2000-06-21,519.7
2000-06-22,518.7
2000-06-23,516.3
2000-06-26,517.0
2000-06-27,519.1
2000-06-28,526.0
2000-06-29,522.4
2000-06-30,523.2
2000-07-03,
2000-07-04,
2000-07-05,517.1
2000-07-06,516.4
2000-07-07,516.4
2000-07-10,516.7
2000-07-11,515.1
2000-07-12,513.1
2000-07-13,512.6
2000-07-14,513.6
2000-07-17,516.0
2000-07-18,514.9
2000-07-19,511.4
2000-07-20,512.2
2000-07-21,512.4
2000-07-24,511.2
2000-07-25,511.2
2000-07-26,511.6
2000-07-27,510.6
2000-07-28,509.9
2000-07-31,508.9
2000-08-01,508.9
2000-08-02,508.4
2000-08-03,505.1
2000-08-04,504.3
2000-08-07,504.8
2000-08-08,504.4
2000-08-09,503.1
2000-08-10,503.4
2000-08-11,506.1
2000-08-14,505.4
2000-08-15,505.4
2000-08-16,508.1
2000-08-17,508.4
2000-08-18,507.5
2000-08-21,505.8
2000-08-22,504.1
2000-08-23,501.5
2000-08-24,503.3
2000-08-25,504.4
2000-08-28,504.4
2000-08-29,503.4
2000-08-30,504.1
2000-08-31,508.3
2000-09-01,507.0
2000-09-04,
2000-09-05,505.8
2000-09-06,504.0
2000-09-07,503.8
2000-09-08,502.9
2000-09-11,502.7
2000-09-12,502.5
2000-09-13,502.4
2000-09-14,501.9
2000-09-15,501.7
2000-09-18,500.8
2000-09-19,501.3
2000-09-20,498.4
2000-09-21,499.4
2000-09-22,501.0
2000-09-25,503.2
2000-09-26,503.2
2000-09-27,507.5
2000-09-28,504.8
2000-09-29,502.8
2000-10-02,502.2
2000-10-03,500.7
2000-10-04,499.1
2000-10-05,499.3
2000-10-06,498.0
2000-10-09,498.8
2000-10-10,501.0
2000-10-11,498.9
2000-10-12,504.7
2000-10-13,500.7
2000-10-16,499.8
2000-10-17,499.3
2000-10-18,498.5
2000-10-19,498.2
2000-10-20,499.2
2000-10-23,497.9
2000-10-24,498.0
2000-10-25,493.8
2000-10-26,492.5
2000-10-27,491.8
2000-10-30,491.7
2000-10-31,492.3
2000-11-01,491.3
2000-11-02,491.8
2000-11-03,492.0
2000-11-06,491.9
2000-11-07,491.3
2000-11-08,492.0
2000-11-09,492.8
2000-11-10,491.4
2000-11-13,491.2
2000-11-14,491.3
2000-11-15,491.5
2000-11-16,492.2
2000-11-17,492.1
2000-11-20,492.7
2000-11-21,491.9
2000-11-22,492.5
2000-11-23,
2000-11-24,
2000-11-27,496.2
2000-11-28,495.8
2000-11-29,492.8
2000-11-30,496.5
2000-12-01,495.1
2000-12-04,497.0
2000-12-05,496.5
2000-12-06,500.5
2000-12-07,499.3
2000-12-08,498.3
2000-12-11,496.3
2000-12-12,496.4
2000-12-13,494.4
2000-12-14,494.7
2000-12-15,496.1
2000-12-18,495.2
2000-12-19,495.2
2000-12-20,497.9
2000-12-21,498.9
2000-12-22,498.7
2000-12-25,
2000-12-26,499.1
2000-12-27,500.1
2000-12-28,496.9
2000-12-29,496.8
2001-01-01,
2001-01-02,493.2
2001-01-03,492.5
2001-01-04,491.6
2001-01-05,492.2
2001-01-08,492.2
2001-01-09,491.7
2001-01-10,488.8
2001-01-11,488.0
2001-01-12,487.8
2001-01-15,
2001-01-16,487.1
2001-01-17,487.0
2001-01-18,488.0
2001-01-19,488.1
2001-01-22,490.2
2001-01-23,490.0
2001-01-24,487.8
2001-01-25,488.0
2001-01-26,486.0
2001-01-29,485.9
2001-01-30,488.7
2001-01-31,488.7
2001-02-01,491.4
2001-02-02,490.0
2001-02-05,488.1
2001-02-06,486.1
2001-02-07,485.6
2001-02-08,483.0
2001-02-09,482.8
2001-02-12,483.4
2001-02-13,482.9
2001-02-14,481.9
2001-02-15,477.6
2001-02-16,480.5
2001-02-19,
2001-02-20,478.3
2001-02-21,480.1
2001-02-22,480.4
2001-02-23,482.6
2001-02-26,487.1
2001-02-27,488.7
2001-02-28,488.4
2001-03-01,486.9
2001-03-02,483.7
2001-03-05,484.0
2001-03-06,481.4
2001-03-07,482.7
2001-03-08,486.4
2001-03-09,491.7
2001-03-12,492.7
2001-03-13,488.1
2001-03-14,483.5
2001-03-15,480.9
2001-03-16,479.0
2001-03-19,480.6
2001-03-20,481.4
2001-03-21,482.7
2001-03-22,481.9
2001-03-23,482.2
2001-03-26,482.6
2001-03-27,481.6
2001-03-28,480.1
2001-03-29,479.0
2001-03-30,477.8
2001-04-02,475.2
2001-04-03,476.5
2001-04-04,478.0
2001-04-05,477.7
2001-04-06,479.5
2001-04-09,477.8
2001-04-10,476.8
2001-04-11,478.2
2001-04-12,479.5
2001-04-13,
2001-04-16,482.7
2001-04-17,480.4
2001-04-18,480.6
2001-04-19,484.6
2001-04-20,484.0
2001-04-23,482.9
2001-04-24,483.3
2001-04-25,481.2
2001-04-26,483.1
2001-04-27,482.9
2001-04-30,483.0
2001-05-01,483.4
2001-05-02,484.4
2001-05-03,485.3
2001-05-04,485.1
2001-05-07,485.1
2001-05-08,484.1
2001-05-09,489.0
2001-05-10,488.1
2001-05-11,486.9
2001-05-14,487.3
2001-05-15,487.1
2001-05-16,491.0
2001-05-17,492.6
2001-05-18,506.4
2001-05-21,504.2
2001-05-22,503.9
2001-05-23,502.3
2001-05-24,497.6
2001-05-25,496.4
2001-05-28,
2001-05-29,492.4
2001-05-30,484.7
2001-05-31,484.2
2001-06-01,485.3
2001-06-04,483.8
2001-06-05,484.4
2001-06-06,484.3
2001-06-07,484.6
2001-06-08,491.8
2001-06-11,486.2
2001-06-12,489.9
2001-06-13,490.4
2001-06-14,493.7
2001-06-15,489.6
2001-06-18,490.7
2001-06-19,491.7
2001-06-20,490.7
2001-06-21,490.9
2001-06-22,490.6
2001-06-25,492.0
2001-06-26,494.3
2001-06-27,490.1
2001-06-28,487.4
2001-06-29,488.8
2001-07-02,487.6
2001-07-03,485.8
2001-07-04,
2001-07-05,483.2
2001-07-06,484.0
2001-07-09,484.5
2001-07-10,484.2
2001-07-11,486.3
2001-07-12,484.6
2001-07-13,485.2
2001-07-16,484.9
2001-07-17,486.2
2001-07-18,488.4
2001-07-19,487.4
2001-07-20,487.9
2001-07-23,486.8
2001-07-24,487.7
2001-07-25,485.5
2001-07-26,484.0
2001-07-27,485.2
2001-07-30,482.6
2001-07-31,484.2
2001-08-01,485.3
2001-08-02,485.3
2001-08-03,485.8
2001-08-06,484.9
2001-08-07,484.9
2001-08-08,485.6
2001-08-09,491.1
2001-08-10,491.7
2001-08-13,493.5
2001-08-14,494.0
2001-08-15,493.3
2001-08-16,492.7
2001-08-17,496.8
2001-08-20,493.4
2001-08-21,492.3
2001-08-22,492.2
2001-08-23,492.6
2001-08-24,489.8
2001-08-27,489.8
2001-08-28,489.3
2001-08-29,490.7
2001-08-30,492.4
2001-08-31,491.4
2001-09-03,
2001-09-04,488.6
2001-09-05,489.0
2001-09-06,490.0
2001-09-07,490.1
2001-09-10,488.6
2001-09-11,488.6
2001-09-12,
2001-09-13,
2001-09-14,502.3
2001-09-17,506.6
2001-09-18,504.9
2001-09-19,507.5
2001-09-20,505.0
2001-09-21,508.1
2001-09-24,506.1
2001-09-25,507.0
2001-09-26,510.0
2001-09-27,508.4
2001-09-28,509.2
2001-10-01,508.4
2001-10-02,506.1
2001-10-03,506.8
2001-10-04,506.8
2001-10-05,507.7
2001-10-08,508.6
2001-10-09,504.9
2001-10-10,501.9
2001-10-11,497.8
2001-10-12,500.9
2001-10-15,497.9
2001-10-16,498.1
2001-10-17,499.2
2001-10-18,495.0
2001-10-19,495.9
2001-10-22,491.3
2001-10-23,491.7
2001-10-24,491.5
2001-10-25,493.4
2001-10-26,493.5
2001-10-29,494.9
2001-10-30,496.4
2001-10-31,495.7
2001-11-01,495.9
2001-11-02,496.0
2001-11-05,494.7
2001-11-06,495.4
2001-11-07,496.5
2001-11-08,492.3
2001-11-09,492.9
2001-11-12,493.8
2001-11-13,493.2
2001-11-14,493.2
2001-11-15,490.5
2001-11-16,490.1
2001-11-19,488.1
2001-11-20,488.4
2001-11-21,488.4
2001-11-22,
2001-11-23,
2001-11-26,487.9
2001-11-27,488.7
2001-11-28,489.5
2001-11-29,489.1
2001-11-30,489.3
2001-12-03,492.3
2001-12-04,490.7
2001-12-05,489.0
2001-12-06,489.4
2001-12-07,489.1
2001-12-10,487.4
2001-12-11,487.3
2001-12-12,488.9
2001-12-13,489.0
2001-12-14,493.0
2001-12-17,492.7
2001-12-18,495.3
2001-12-19,490.4
2001-12-20,490.9
2001-12-21,492.7
2001-12-24,
2001-12-25,
2001-12-26,494.0
2001-12-27,492.1
2001-12-28,491.2
2001-12-31,493.4
2002-01-01,
2002-01-02,493.6
2002-01-03,492.9
2002-01-04,493.6
2002-01-07,493.3
2002-01-08,493.6
2002-01-09,498.1
2002-01-10,501.8
2002-01-11,502.1
2002-01-14,500.1
2002-01-15,499.1
2002-01-16,502.0
2002-01-17,499.1
2002-01-18,497.8
2002-01-21,
2002-01-22,496.3
2002-01-23,493.5
2002-01-24,493.1
2002-01-25,493.9
2002-01-28,493.3
2002-01-29,496.2
2002-01-30,496.6
2002-01-31,496.7
2002-02-01,500.6
2002-02-04,503.9
2002-02-05,512.9
2002-02-06,512.1
2002-02-07,514.3
2002-02-08,518.0
2002-02-11,514.4
2002-02-12,515.0
2002-02-13,513.7
2002-02-14,513.9
2002-02-15,512.6
2002-02-18,
2002-02-19,507.4
2002-02-20,506.4
2002-02-21,507.3
2002-02-22,507.3
2002-02-25,506.8
2002-02-26,512.1
2002-02-27,510.5
2002-02-28,511.0
2002-03-01,512.3
2002-03-04,511.0
2002-03-05,508.3
2002-03-06,507.9
2002-03-07,504.5
2002-03-08,504.3
2002-03-11,505.3
2002-03-12,507.9
2002-03-13,507.9
2002-03-14,505.4
2002-03-15,504.3
2002-03-18,506.5
2002-03-19,507.2
2002-03-20,506.6
2002-03-21,507.3
2002-03-22,511.8
2002-03-25,512.0
2002-03-26,511.1
2002-03-27,516.4
2002-03-28,516.8
2002-03-29,
2002-04-01,517.3
2002-04-02,520.1
2002-04-03,516.6
2002-04-04,515.1
2002-04-05,514.1
2002-04-08,514.4
2002-04-09,512.6
2002-04-10,515.6
2002-04-11,516.1
2002-04-12,516.0
2002-04-15,513.8
2002-04-16,512.6
2002-04-17,515.9
2002-04-18,518.3
2002-04-19,516.1
2002-04-22,516.7
2002-04-23,517.7
2002-04-24,517.9
2002-04-25,521.7
2002-04-26,525.2
2002-04-29,524.6
2002-04-30,522.3
2002-05-01,522.5
2002-05-02,521.7
2002-05-03,525.6
2002-05-06,524.6
2002-05-07,525.0
2002-05-08,521.6
2002-05-09,522.9
2002-05-10,524.4
2002-05-13,524.0
2002-05-14,520.7
2002-05-15,522.1
2002-05-16,523.2
2002-05-17,524.0
2002-05-20,529.1
2002-05-21,529.3
2002-05-22,531.5
2002-05-23,536.0
2002-05-24,534.0
2002-05-27,
2002-05-28,537.5
2002-05-29,538.8
2002-05-30,538.7
2002-05-31,539.5
2002-06-03,539.7
2002-06-04,540.8
2002-06-05,533.9
2002-06-06,537.7
2002-06-07,537.3
2002-06-10,531.4
2002-06-11,532.4
2002-06-12,533.0
2002-06-13,530.4
2002-06-14,531.7
2002-06-17,530.0
2002-06-18,531.6
2002-06-19,532.2
2002-06-20,535.7
2002-06-21,537.1
2002-06-24,536.7
2002-06-25,532.5
2002-06-26,532.8
2002-06-27,531.6
2002-06-28,525.9
2002-07-01,526.4
2002-07-02,525.2
2002-07-03,523.3
2002-07-04,
2002-07-05,
2002-07-08,524.6
2002-07-09,528.6
2002-07-10,527.2
2002-07-11,529.8
2002-07-12,528.1
2002-07-15,532.1
2002-07-16,529.7
2002-07-17,529.8
2002-07-18,529.2
2002-07-19,536.0
2002-07-22,535.7
2002-07-23,524.7
2002-07-24,523.4
2002-07-25,521.8
2002-07-26,515.3
2002-07-29,514.5
2002-07-30,515.9
2002-07-31,515.1
2002-08-01,515.9
2002-08-02,518.9
2002-08-05,519.6
2002-08-06,517.2
2002-08-07,526.0
2002-08-08,522.1
2002-08-09,525.9
2002-08-12,525.7
2002-08-13,525.6
2002-08-14,523.2
2002-08-15,525.8
2002-08-16,525.1
2002-08-19,517.4
2002-08-20,520.1
2002-08-21,519.0
2002-08-22,518.1
2002-08-23,518.1
2002-08-26,520.8
2002-08-27,523.7
2002-08-28,520.7
2002-08-29,524.2
2002-08-30,523.7
2002-09-02,
2002-09-03,524.8
2002-09-04,526.3
2002-09-05,529.6
2002-09-06,531.3
2002-09-09,532.6
2002-09-10,529.2
2002-09-11,527.9
2002-09-12,530.2
2002-09-13,527.9
2002-09-16,528.4
2002-09-17,528.2
2002-09-18,531.8
2002-09-19,533.9
2002-09-20,533.2
2002-09-23,534.1
2002-09-24,537.2
2002-09-25,533.6
2002-09-26,531.7
2002-09-27,531.1
2002-09-30,535.2
2002-10-01,532.2
2002-10-02,532.8
2002-10-03,532.4
2002-10-04,533.3
2002-10-07,533.1
2002-10-08,529.4
2002-10-09,530.8
2002-10-10,527.4
2002-10-11,527.2
2002-10-14,528.6
2002-10-15,523.4
2002-10-16,524.7
2002-10-17,522.2
2002-10-18,523.3
2002-10-21,521.5
2002-10-22,523.6
2002-10-23,522.6
2002-10-24,521.2
2002-10-25,523.9
2002-10-28,525.6
2002-10-29,528.1
2002-10-30,526.9
2002-10-31,528.4
2002-11-01,529.2
2002-11-04,528.7
2002-11-05,528.6
2002-11-06,527.9
2002-11-07,530.9
2002-11-08,531.7
2002-11-11,531.6
2002-11-12,534.7
2002-11-13,528.9
2002-11-14,528.1
2002-11-15,530.9
2002-11-18,529.4
2002-11-19,528.8
2002-11-20,527.6
2002-11-21,527.5
2002-11-22,530.9
2002-11-25,527.9
2002-11-26,527.7
2002-11-27,526.8
2002-11-28,
2002-11-29,
2002-12-02,527.5
2002-12-03,530.2
2002-12-04,532.1
2002-12-05,534.6
2002-12-06,536.1
2002-12-09,535.5
2002-12-10,533.2
2002-12-11,534.5
2002-12-12,541.1
2002-12-13,542.8
2002-12-16,546.6
2002-12-17,547.0
2002-12-18,551.7
2002-12-19,555.5
2002-12-20,550.0
2002-12-23,554.6
2002-12-24,556.3
2002-12-25,
2002-12-26,558.4
2002-12-27,558.7
2002-12-30,553.1
2002-12-31,557.2
2003-01-01,
2003-01-02,555.5
2003-01-03,560.6
2003-01-06,561.1
2003-01-07,556.7
2003-01-08,563.3
2003-01-09,562.7
2003-01-10,563.9
2003-01-13,564.1
2003-01-14,561.4
2003-01-15,560.1
2003-01-16,567.1
2003-01-17,565.8
2003-01-20,
2003-01-21,566.5
2003-01-22,568.9
2003-01-23,573.8
2003-01-24,577.5
2003-01-27,578.6
2003-01-28,579.2
2003-01-29,575.4
2003-01-30,577.7
2003-01-31,577.1
2003-02-03,579.6
2003-02-04,587.9
2003-02-05,585.3
2003-02-06,578.6
2003-02-07,578.3
2003-02-10,572.0
2003-02-11,570.8
2003-02-12,560.8
2003-02-13,565.5
2003-02-14,560.0
2003-02-17,
2003-02-18,552.0
2003-02-19,557.7
2003-02-20,560.9
2003-02-21,559.6
2003-02-24,564.3
2003-02-25,560.3
2003-02-26,562.0
2003-02-27,554.1
2003-02-28,558.2
2003-03-03,557.2
2003-03-04,561.3
2003-03-05,561.2
2003-03-06,564.9
2003-03-07,558.8
2003-03-10,562.7
2003-03-11,558.5
2003-03-12,554.6
2003-03-13,543.9
2003-03-14,544.5
2003-03-17,545.1
2003-03-18,545.7
2003-03-19,544.2
2003-03-20,541.0
2003-03-21,534.0
2003-03-24,537.4
2003-03-25,536.3
2003-03-26,538.1
2003-03-27,536.4
2003-03-28,539.5
2003-03-31,544.0
2003-04-01,542.3
2003-04-02,537.5
2003-04-03,532.8
2003-04-04,533.1
2003-04-07,529.3
2003-04-08,530.0
2003-04-09,533.3
2003-04-10,534.4
2003-04-11,535.6
2003-04-14,532.0
2003-04-15,532.6
2003-04-16,533.4
2003-04-17,534.7
2003-04-18,
2003-04-21,541.0
2003-04-22,541.9
2003-04-23,539.0
2003-04-24,542.2
2003-04-25,540.8
2003-04-28,541.9
2003-04-29,541.1
2003-04-30,546.5
2003-05-01,549.5
2003-05-02,548.4
2003-05-05,549.7
2003-05-06,549.9
2003-05-07,549.3
2003-05-08,555.8
2003-05-09,556.0
2003-05-12,559.0
2003-05-13,557.3
2003-05-14,559.6
2003-05-15,559.9
2003-05-16,562.0
2003-05-19,571.5
2003-05-20,573.6
2003-05-21,579.3
2003-05-22,575.2
2003-05-23,576.0
2003-05-26,
2003-05-27,575.0
2003-05-28,572.4
2003-05-29,576.8
2003-05-30,571.7
2003-06-02,573.2
2003-06-03,572.4
2003-06-04,569.7
2003-06-05,575.6
2003-06-06,570.6
2003-06-09,568.7
2003-06-10,558.9
2003-06-11,562.3
2003-06-12,560.0
2003-06-13,563.3
2003-06-16,565.8
2003-06-17,569.9
2003-06-18,563.9
2003-06-19,567.9
2003-06-20,562.8
2003-06-23,559.5
2003-06-24,552.8
2003-06-25,555.7
2003-06-26,550.3
2003-06-27,551.6
2003-06-30,552.4
2003-07-01,557.8
2003-07-02,557.8
2003-07-03,557.5
2003-07-04,
2003-07-07,554.6
2003-07-08,550.6
2003-07-09,550.1
2003-07-10,550.8
2003-07-11,551.4
2003-07-14,554.1
2003-07-15,548.5
2003-07-16,549.5
2003-07-17,550.6
2003-07-18,553.6
2003-07-21,557.3
2003-07-22,557.0
2003-07-23,565.0
2003-07-24,568.7
2003-07-25,569.2
2003-07-28,571.3
2003-07-29,568.1
2003-07-30,562.7
2003-07-31,560.4
2003-08-01,552.4
2003-08-04,555.5
2003-08-05,555.8
2003-08-06,557.0
2003-08-07,558.7
2003-08-08,562.5
2003-08-11,567.9
2003-08-12,564.6
2003-08-13,568.2
2003-08-14,572.0
2003-08-15,569.2
2003-08-18,564.4
2003-08-19,567.5
2003-08-20,571.5
2003-08-21,566.3
2003-08-22,568.8
2003-08-25,566.9
2003-08-26,571.3
2003-08-27,578.5
2003-08-28,576.0
2003-08-29,581.2
2003-09-01,
2003-09-02,578.7
2003-09-03,579.4
2003-09-04,578.4
2003-09-05,583.1
2003-09-08,580.6
2003-09-09,587.2
2003-09-10,585.5
2003-09-11,585.2
2003-09-12,581.3
2003-09-15,580.0
2003-09-16,579.0
2003-09-17,581.7
2003-09-18,582.1
2003-09-19,587.3
2003-09-22,592.7
2003-09-23,591.4
2003-09-24,592.8
2003-09-25,590.3
2003-09-26,586.2
2003-09-29,587.6
2003-09-30,590.5
2003-10-01,589.4
2003-10-02,588.1
2003-10-03,574.4
2003-10-06,577.7
2003-10-07,582.2
2003-10-08,580.4
2003-10-09,574.2
2003-10-10,578.5
2003-10-13,580.1
2003-10-14,580.6
2003-10-15,577.5
2003-10-16,577.6
2003-10-17,576.6
2003-10-20,578.8
2003-10-21,586.4
2003-10-22,591.2
2003-10-23,589.4
2003-10-24,593.6
2003-10-27,592.6
2003-10-28,587.8
2003-10-29,591.4
2003-10-30,588.8
2003-10-31,589.0
2003-11-03,581.5
2003-11-04,584.4
2003-11-05,587.1
2003-11-06,585.1
2003-11-07,587.8
2003-11-10,591.1
2003-11-11,592.6
2003-11-12,599.4
2003-11-13,598.7
2003-11-14,602.4
2003-11-17,595.9
2003-11-18,602.0
2003-11-19,599.2
2003-11-20,598.0
2003-11-21,600.4
2003-11-24,595.9
2003-11-25,595.6
2003-11-26,601.2
2003-11-27,
2003-11-28,
2003-12-01,607.0
2003-12-02,607.8
2003-12-03,608.0
2003-12-04,607.4
2003-12-05,610.5
2003-12-08,610.7
2003-12-09,612.1
2003-12-10,610.2
2003-12-11,608.6
2003-12-12,613.3
2003-12-15,613.1
2003-12-16,611.6
2003-12-17,615.9
2003-12-18,614.3
2003-12-19,613.1
2003-12-22,614.5
2003-12-23,614.8
2003-12-24,616.0
2003-12-25,
2003-12-26,
2003-12-29,618.5
2003-12-30,620.4
2003-12-31,619.3
2004-01-01,
2004-01-02,
2004-01-05,628.0
2004-01-06,626.4
2004-01-07,625.5
2004-01-08,627.6
2004-01-09,630.0
2004-01-12,629.8
2004-01-13,627.2
2004-01-14,625.2
2004-01-15,611.9
2004-01-16,610.2
2004-01-19,
2004-01-20,616.1
2004-01-21,614.4
2004-01-22,613.3
2004-01-23,611.4
2004-01-26,610.1
2004-01-27,613.4
2004-01-28,618.0
2004-01-29,601.6
2004-01-30,605.1
2004-02-02,601.5
2004-02-03,602.1
2004-02-04,603.9
2004-02-05,601.0
2004-02-06,606.4
2004-02-09,609.6
2004-02-10,609.2
2004-02-11,612.9
2004-02-12,616.4
2004-02-13,613.0
2004-02-16,
2004-02-17,618.7
2004-02-18,615.0
2004-02-19,612.5
2004-02-20,600.2
2004-02-23,601.5
2004-02-24,607.0
2004-02-25,598.3
2004-02-26,597.7
2004-02-27,599.0
2004-03-01,601.8
2004-03-02,596.0
2004-03-03,594.9
2004-03-04,595.4
2004-03-05,603.8
2004-03-08,603.1
2004-03-09,606.7
2004-03-10,602.5
2004-03-11,603.2
2004-03-12,597.8
2004-03-15,601.8
2004-03-16,604.8
2004-03-17,609.3
2004-03-18,613.5
2004-03-19,614.9
2004-03-22,619.8
2004-03-23,622.2
2004-03-24,619.6
2004-03-25,619.1
2004-03-26,624.4
2004-03-29,619.4
2004-03-30,624.0
2004-03-31,629.5
2004-04-01,630.0
2004-04-02,623.7
2004-04-05,617.5
2004-04-06,621.0
2004-04-07,624.9
2004-04-08,621.9
2004-04-09,
2004-04-12,622.1
2004-04-13,608.9
2004-04-14,601.7
2004-04-15,599.5
2004-04-16,602.8
2004-04-19,602.4
2004-04-20,599.5
2004-04-21,592.6
2004-04-22,595.1
2004-04-23,596.9
2004-04-26,597.8
2004-04-27,600.3
2004-04-28,587.1
2004-04-29,588.3
2004-04-30,588.7
2004-05-03,588.7
2004-05-04,593.0
2004-05-05,595.0
2004-05-06,589.6
2004-05-07,580.3
2004-05-10,579.9
2004-05-11,578.4
2004-05-12,578.9
2004-05-13,576.1
2004-05-14,578.3
2004-05-17,580.8
2004-05-18,577.1
2004-05-19,584.2
2004-05-20,579.7
2004-05-21,586.2
2004-05-24,587.0
2004-05-25,589.8
2004-05-26,589.8
2004-05-27,596.5
2004-05-28,595.3
2004-05-31,
2004-06-01,595.9
2004-06-02,592.9
2004-06-03,589.3
2004-06-04,592.1
2004-06-07,594.9
2004-06-08,592.2
2004-06-09,585.6
2004-06-10,587.0
2004-06-11,
2004-06-14,584.7
2004-06-15,589.1
2004-06-16,585.6
2004-06-17,589.9
2004-06-18,596.1
2004-06-21,594.9
2004-06-22,595.9
2004-06-23,595.9
2004-06-24,603.8
2004-06-25,603.5
2004-06-28,601.7
2004-06-29,593.1
2004-06-30,593.3
2004-07-01,596.8
2004-07-02,599.0
2004-07-05,
2004-07-06,593.3
2004-07-07,603.1
2004-07-08,608.6
2004-07-09,608.3
2004-07-12,608.8
2004-07-13,602.7
2004-07-14,606.0
2004-07-15,604.8
2004-07-16,607.2
2004-07-19,606.2
2004-07-20,602.5
2004-07-21,597.7
2004-07-22,595.7
2004-07-23,590.8
2004-07-26,590.7
2004-07-27,587.5
2004-07-28,589.5
2004-07-29,587.5
2004-07-30,591.5
2004-08-02,592.2
2004-08-03,594.3
2004-08-04,592.5
2004-08-05,592.6
2004-08-06,599.9
2004-08-09,600.8
2004-08-10,600.1
2004-08-11,595.6
2004-08-12,594.3
2004-08-13,598.9
2004-08-16,602.9
2004-08-17,604.4
2004-08-18,604.3
2004-08-19,607.0
2004-08-20,613.1
2004-08-23,610.4
2004-08-24,602.6
2004-08-25,607.6
2004-08-26,607.1
2004-08-27,602.9
2004-08-30,607.5
2004-08-31,610.0
2004-09-01,608.4
2004-09-02,605.6
2004-09-03,600.1
2004-09-06,
2004-09-07,597.0
2004-09-08,599.0
2004-09-09,598.0
2004-09-10,601.4
2004-09-13,603.6
2004-09-14,605.1
2004-09-15,604.4
2004-09-16,604.1
2004-09-17,605.2
2004-09-20,604.6
2004-09-21,607.7
2004-09-22,606.6
2004-09-23,610.2
2004-09-24,607.3
2004-09-27,608.3
2004-09-28,611.8
2004-09-29,612.3
2004-09-30,618.0
2004-10-01,618.8
2004-10-04,613.2
2004-10-05,617.4
2004-10-06,617.6
2004-10-07,617.1
2004-10-08,622.1
2004-10-11,621.0
2004-10-12,614.2
2004-10-13,612.2
2004-10-14,617.1
2004-10-15,617.7
2004-10-18,615.2
2004-10-19,619.2
2004-10-20,622.4
2004-10-21,623.2
2004-10-22,623.2
2004-10-25,627.5
2004-10-26,625.2
2004-10-27,623.2
2004-10-28,623.7
2004-10-29,627.0
2004-11-01,625.8
2004-11-02,618.4
2004-11-03,623.0
2004-11-04,628.4
2004-11-05,631.9
2004-11-08,631.0
2004-11-09,633.8
2004-11-10,632.1
2004-11-11,633.0
2004-11-12,635.9
2004-11-15,634.9
2004-11-16,638.1
2004-11-17,642.7
2004-11-18,640.6
2004-11-19,644.7
2004-11-22,646.7
2004-11-23,645.7
2004-11-24,647.0
2004-11-25,
2004-11-26,
2004-11-29,651.3
2004-11-30,648.7
2004-12-01,651.4
2004-12-02,647.8
2004-12-03,653.3
2004-12-06,651.4
2004-12-07,649.2
2004-12-08,634.2
2004-12-09,632.7
2004-12-10,630.8
2004-12-13,635.8
2004-12-14,632.8
2004-12-15,637.7
2004-12-16,633.7
2004-12-17,638.4
2004-12-20,639.1
2004-12-21,638.4
2004-12-22,636.9
2004-12-23,638.4
2004-12-24,
2004-12-27,641.7
2004-12-28,640.8
2004-12-29,632.5
2004-12-30,633.9
2004-12-31,
2005-01-03,625.2
2005-01-04,624.7
2005-01-05,622.8
2005-01-06,617.1
2005-01-07,615.0
2005-01-10,615.2
2005-01-11,617.9
2005-01-12,622.1
2005-01-13,620.6
2005-01-14,618.5
2005-01-17,
2005-01-18,619.0
2005-01-19,618.8
2005-01-20,618.0
2005-01-21,622.3
2005-01-24,622.6
2005-01-25,617.6
2005-01-26,622.4
2005-01-27,621.7
2005-01-28,621.4
2005-01-31,617.4
2005-02-01,616.3
2005-02-02,616.4
2005-02-03,611.9
2005-02-04,609.2
2005-02-07,608.7
2005-02-08,607.6
2005-02-09,607.7
2005-02-10,612.0
2005-02-11,615.3
2005-02-14,620.7
2005-02-15,620.7
2005-02-16,620.3
2005-02-17,622.0
2005-02-18,621.8
2005-02-21,
2005-02-22,629.3
2005-02-23,629.6
2005-02-24,629.2
2005-02-25,629.6
2005-02-28,631.1
2005-03-01,627.4
2005-03-02,627.2
2005-03-03,624.3
2005-03-04,628.6
2005-03-07,629.4
2005-03-08,634.7
2005-03-09,636.5
2005-03-10,637.0
2005-03-11,640.4
2005-03-14,635.2
2005-03-15,635.0
2005-03-16,637.8
2005-03-17,632.7
2005-03-18,633.3
2005-03-21,625.0
2005-03-22,625.2
2005-03-23,618.9
2005-03-24,618.4
2005-03-25,
2005-03-28,619.6
2005-03-29,619.6
2005-03-30,620.5
2005-03-31,622.1
2005-04-01,619.3
2005-04-04,617.0
2005-04-05,617.6
2005-04-06,620.2
2005-04-07,619.4
2005-04-08,619.8
2005-04-11,621.4
2005-04-12,620.3
2005-04-13,622.0
2005-04-14,616.6
2005-04-15,617.5
2005-04-18,620.0
2005-04-19,625.4
2005-04-20,627.7
2005-04-21,625.4
2005-04-22,626.6
2005-04-25,626.8
2005-04-26,630.0
2005-04-27,625.1
2005-04-28,623.4
2005-04-29,627.1
2005-05-02,621.5
2005-05-03,618.7
2005-05-04,621.0
2005-05-05,621.7
2005-05-06,617.9
2005-05-09,617.9
2005-05-10,618.9
2005-05-11,618.9
2005-05-12,613.2
2005-05-13,611.7
2005-05-16,610.3
2005-05-17,610.8
2005-05-18,612.9
2005-05-19,611.8
2005-05-20,608.8
2005-05-23,608.0
2005-05-24,608.8
2005-05-25,610.1
2005-05-26,609.2
2005-05-27,611.0
2005-05-30,
2005-05-31,607.4
2005-06-01,606.2
2005-06-02,613.3
2005-06-03,614.3
2005-06-06,616.9
2005-06-07,615.3
2005-06-08,615.2
2005-06-09,614.7
2005-06-10,617.9
2005-06-13,619.7
2005-06-14,617.9
2005-06-15,619.6
2005-06-16,626.6
2005-06-17,628.7
2005-06-20,628.7
2005-06-21,629.2
2005-06-22,628.4
2005-06-23,631.9
2005-06-24,630.7
2005-06-27,630.4
2005-06-28,626.4
2005-06-29,627.3
2005-06-30,625.9
2005-07-01,617.6
2005-07-04,
2005-07-05,612.7
2005-07-06,613.2
2005-07-07,612.9
2005-07-08,612.5
2005-07-11,615.0
2005-07-12,615.9
2005-07-13,613.4
2005-07-14,609.0
2005-07-15,610.1
2005-07-18,609.8
2005-07-19,608.9
2005-07-20,610.8
2005-07-21,614.5
2005-07-22,613.8
2005-07-25,614.7
2005-07-26,612.2
2005-07-27,613.5
2005-07-28,616.1
2005-07-29,618.6
2005-08-01,620.5
2005-08-02,620.5
2005-08-03,625.4
2005-08-04,626.4
2005-08-05,625.5
2005-08-08,622.9
2005-08-09,622.4
2005-08-10,624.7
2005-08-11,633.6
2005-08-12,634.0
2005-08-15,630.2
2005-08-16,634.1
2005-08-17,627.8
2005-08-18,627.3
2005-08-19,624.9
2005-08-22,625.7
2005-08-23,627.0
2005-08-24,624.9
2005-08-25,625.8
2005-08-26,624.8
2005-08-29,624.1
2005-08-30,618.3
2005-08-31,620.9
2005-09-01,629.3
2005-09-02,631.2
2005-09-05,
2005-09-06,631.3
2005-09-07,631.8
2005-09-08,633.5
2005-09-09,635.8
2005-09-12,636.5
2005-09-13,632.8
2005-09-14,636.5
2005-09-15,642.1
2005-09-16,646.1
2005-09-19,653.1
2005-09-20,652.7
2005-09-21,655.3
2005-09-22,653.0
2005-09-23,649.9
2005-09-26,652.2
2005-09-27,648.9
2005-09-28,655.8
2005-09-29,658.5
2005-09-30,655.0
2005-10-03,652.0
2005-10-04,652.0
2005-10-05,652.0
2005-10-06,657.7
2005-10-07,660.4
2005-10-10,660.7
2005-10-11,662.5
2005-10-12,659.3
2005-10-13,656.5
2005-10-14,654.5
2005-10-17,659.3
2005-10-18,657.3
2005-10-19,648.5
2005-10-20,645.9
2005-10-21,651.8
2005-10-24,649.7
2005-10-25,657.4
2005-10-26,655.7
2005-10-27,658.3
2005-10-28,657.5
2005-10-31,649.6
2005-11-01,643.3
2005-11-02,647.3
2005-11-03,644.6
2005-11-04,640.6
2005-11-07,643.1
2005-11-08,645.0
2005-11-09,650.2
2005-11-10,650.4
2005-11-11,652.1
2005-11-14,651.8
2005-11-15,651.7
2005-11-16,661.8
2005-11-17,669.6
2005-11-18,669.0
2005-11-21,672.3
2005-11-22,675.8
2005-11-23,675.2
2005-11-24,
2005-11-25,
2005-11-28,681.4
2005-11-29,682.3
2005-11-30,677.5
2005-12-01,685.1
2005-12-02,685.8
2005-12-05,691.4
2005-12-06,692.6
2005-12-07,696.6
2005-12-08,701.5
2005-12-09,709.0
2005-12-12,710.3
2005-12-13,702.9
2005-12-14,688.3
2005-12-15,685.4
2005-12-16,684.7
2005-12-19,684.9
2005-12-20,675.8
2005-12-21,674.1
2005-12-22,683.8
2005-12-23,684.0
2005-12-26,
2005-12-27,688.9
2005-12-28,695.1
2005-12-29,696.3
2005-12-30,697.7
2006-01-02,
2006-01-03,711.3
2006-01-04,714.4
2006-01-05,706.6
2006-01-06,720.0
2006-01-09,729.3
2006-01-10,724.5
2006-01-11,728.9
2006-01-12,728.1
2006-01-13,735.8
2006-01-16,
2006-01-17,733.1
2006-01-18,723.3
2006-01-19,738.0
2006-01-20,733.1
2006-01-23,737.8
2006-01-24,737.3
2006-01-25,741.8
2006-01-26,739.2
2006-01-27,737.9
2006-01-30,744.8
2006-01-31,749.8
2006-02-01,748.3
2006-02-02,751.2
2006-02-03,746.0
2006-02-06,748.7
2006-02-07,729.1
2006-02-08,728.0
2006-02-09,742.4
2006-02-10,727.7
2006-02-13,716.2
2006-02-14,723.0
2006-02-15,716.8
2006-02-16,723.0
2006-02-17,728.9
2006-02-20,
2006-02-21,731.0
2006-02-22,731.0
2006-02-23,725.3
2006-02-24,735.6
2006-02-27,731.5
2006-02-28,738.4
2006-03-01,740.4
2006-03-02,745.0
2006-03-03,742.6
2006-03-06,731.3
2006-03-07,729.0
2006-03-08,718.8
2006-03-09,721.5
2006-03-10,715.8
2006-03-13,722.0
2006-03-14,727.5
2006-03-15,728.8
2006-03-16,729.8
2006-03-17,729.5
2006-03-20,730.5
2006-03-21,727.5
2006-03-22,726.0
2006-03-23,725.0
2006-03-24,734.8
2006-03-27,741.9
2006-03-28,741.5
2006-03-29,747.9
2006-03-30,761.1
2006-03-31,756.0
2006-04-03,763.6
2006-04-04,759.9
2006-04-05,761.8
2006-04-06,769.0
2006-04-07,762.0
2006-04-10,771.1
2006-04-11,768.7
2006-04-12,770.6
2006-04-13,769.4
2006-04-14,
2006-04-17,788.1
2006-04-18,792.6
2006-04-19,805.3
2006-04-20,792.4
2006-04-21,804.8
2006-04-24,793.2
2006-04-25,803.5
2006-04-26,811.3
2006-04-27,805.6
2006-04-28,823.8
2006-05-01,829.5
2006-05-02,836.7
2006-05-03,837.8
2006-05-04,845.8
2006-05-05,853.6
2006-05-08,849.2
2006-05-09,870.8
2006-05-10,875.0
2006-05-11,890.8
2006-05-12,881.1
2006-05-15,854.3
2006-05-16,862.2
2006-05-17,861.1
2006-05-18,850.2
2006-05-19,826.4
2006-05-22,826.5
2006-05-23,842.9
2006-05-24,806.3
2006-05-25,817.0
2006-05-26,819.4
2006-05-29,
2006-05-30,822.8
2006-05-31,811.2
2006-06-01,795.6
2006-06-02,803.0
2006-06-05,810.8
2006-06-06,796.6
2006-06-07,794.5
2006-06-08,775.6
2006-06-09,774.6
2006-06-12,773.1
2006-06-13,728.0
2006-06-14,727.8
2006-06-15,731.8
2006-06-16,743.3
2006-06-19,733.9
2006-06-20,742.0
2006-06-21,752.6
2006-06-22,747.1
2006-06-23,749.7
2006-06-26,749.4
2006-06-27,746.2
2006-06-28,742.8
2006-06-29,750.8
2006-06-30,778.2
2006-07-03,
2006-07-04,
2006-07-05,792.1
2006-07-06,798.7
2006-07-07,797.2
2006-07-10,788.5
2006-07-11,805.5
2006-07-12,813.7
2006-07-13,817.0
2006-07-14,830.6
2006-07-17,814.4
2006-07-18,791.8
2006-07-19,805.1
2006-07-20,794.7
2006-07-21,782.3
2006-07-24,775.2
2006-07-25,780.0
2006-07-26,784.0
2006-07-27,794.7
2006-07-28,797.0
2006-07-31,796.0
2006-08-01,808.0
2006-08-02,813.2
2006-08-03,806.1
2006-08-04,805.2
2006-08-07,808.7
2006-08-08,806.5
2006-08-09,811.1
2006-08-10,795.3
2006-08-11,793.7
2006-08-14,788.7
2006-08-15,782.4
2006-08-16,788.5
2006-08-17,774.9
2006-08-18,771.4
2006-08-21,784.8
2006-08-22,783.6
2006-08-23,782.6
2006-08-24,778.2
2006-08-25,780.5
2006-08-28,773.6
2006-08-29,768.8
2006-08-30,775.8
2006-08-31,783.8
2006-09-01,782.2
2006-09-04,
2006-09-05,796.3
2006-09-06,791.2
2006-09-07,774.5
2006-09-08,767.0
2006-09-11,747.2
2006-09-12,744.1
2006-09-13,746.1
2006-09-14,736.0
2006-09-15,733.1
2006-09-18,742.8
2006-09-19,733.3
2006-09-20,736.3
2006-09-21,738.4
2006-09-22,745.5
2006-09-25,746.0
2006-09-26,747.2
2006-09-27,753.4
2006-09-28,761.0
2006-09-29,754.3
2006-10-02,753.4
2006-10-03,731.6
2006-10-04,716.8
2006-10-05,725.6
2006-10-06,726.9
2006-10-09,732.9
2006-10-10,726.3
2006-10-11,726.6
2006-10-12,730.4
2006-10-13,742.8
2006-10-16,748.6
2006-10-17,743.6
2006-10-18,742.7
2006-10-19,752.6
2006-10-20,746.5
2006-10-23,733.0
2006-10-24,737.7
2006-10-25,740.9
2006-10-26,749.9
2006-10-27,751.1
2006-10-30,757.5
2006-10-31,756.9
2006-11-01,769.4
2006-11-02,777.9
2006-11-03,779.3
2006-11-06,778.0
2006-11-07,777.8
2006-11-08,768.4
2006-11-09,786.9
2006-11-10,780.2
2006-11-13,775.9
2006-11-14,775.4
2006-11-15,773.9
2006-11-16,771.8
2006-11-17,772.6
2006-11-20,772.3
2006-11-21,779.0
2006-11-22,779.3
2006-11-23,
2006-11-24,
2006-11-27,791.0
2006-11-28,787.6
2006-11-29,785.7
2006-11-30,796.8
2006-12-01,794.5
2006-12-04,794.8
2006-12-05,791.8
2006-12-06,779.8
2006-12-07,780.9
2006-12-08,774.9
2006-12-11,778.7
2006-12-12,775.6
2006-12-13,776.3
2006-12-14,774.8
2006-12-15,763.0
2006-12-18,761.8
2006-12-19,769.3
2006-12-20,768.2
2006-12-21,765.5
2006-12-22,766.2
2006-12-25,
2006-12-26,770.8
2006-12-27,774.2
2006-12-28,780.8
2006-12-29,781.9
2007-01-01,
2007-01-02,
2007-01-03,773.7
2007-01-04,770.1
2007-01-05,750.8
2007-01-08,753.3
2007-01-09,758.9
2007-01-10,757.3
2007-01-11,757.8
2007-01-12,770.8
2007-01-15,
2007-01-16,769.8
2007-01-17,777.2
2007-01-18,772.0
2007-01-19,780.4
2007-01-22,778.1
2007-01-23,790.1
2007-01-24,792.4
2007-01-25,792.3
2007-01-26,788.5
2007-01-29,786.9
2007-01-30,788.0
2007-01-31,795.8
2007-02-01,800.9
2007-02-02,789.3
2007-02-05,794.0
2007-02-06,796.6
2007-02-07,795.2
2007-02-08,800.7
2007-02-09,810.3
2007-02-12,805.3
2007-02-13,806.5
2007-02-14,810.0
2007-02-15,809.4
2007-02-16,810.7
2007-02-19,
2007-02-20,798.9
2007-02-21,822.0
2007-02-22,821.0
2007-02-23,824.8
2007-02-26,827.9
2007-02-27,825.3
2007-02-28,810.4
2007-03-01,803.0
2007-03-02,781.9
2007-03-05,776.9
2007-03-06,784.0
2007-03-07,790.8
2007-03-08,793.4
2007-03-09,790.0
2007-03-12,788.2
2007-03-13,787.3
2007-03-14,780.3
2007-03-15,784.9
2007-03-16,791.8
2007-03-19,792.1
2007-03-20,796.9
2007-03-21,797.9
2007-03-22,802.1
2007-03-23,795.1
2007-03-26,801.8
2007-03-27,800.4
2007-03-28,804.5
2007-03-29,799.2
2007-03-30,800.6
2007-04-02,803.1
2007-04-03,801.3
2007-04-04,809.0
2007-04-05,811.0
2007-04-06,
2007-04-09,808.5
2007-04-10,813.1
2007-04-11,813.3
2007-04-12,811.3
2007-04-13,821.5
2007-04-16,826.1
2007-04-17,824.1
2007-04-18,824.9
2007-04-19,819.9
2007-04-20,827.4
2007-04-23,825.8
2007-04-24,819.3
2007-04-25,819.0
2007-04-26,809.6
2007-04-27,813.4
2007-04-30,815.1
2007-05-01,808.9
2007-05-02,806.7
2007-05-03,816.0
2007-05-04,821.3
2007-05-07,822.0
2007-05-08,819.0
2007-05-09,814.1
2007-05-10,798.6
2007-05-11,803.9
2007-05-14,801.7
2007-05-15,806.1
2007-05-16,793.1
2007-05-17,788.8
2007-05-18,793.6
2007-05-21,795.4
2007-05-22,791.5
2007-05-23,794.2
2007-05-24,784.7
2007-05-25,786.8
2007-05-28,
2007-05-29,788.8
2007-05-30,784.6
2007-05-31,792.1
2007-06-01,802.4
2007-06-04,801.8
2007-06-05,800.6
2007-06-06,800.1
2007-06-07,790.6
2007-06-08,775.6
2007-06-11,784.4
2007-06-12,778.4
2007-06-13,778.0
2007-06-14,781.2
2007-06-15,784.1
2007-06-18,785.3
2007-06-19,790.1
2007-06-20,785.4
2007-06-21,779.5
2007-06-22,782.3
2007-06-25,780.0
2007-06-26,770.6
2007-06-27,770.0
2007-06-28,775.7
2007-06-29,776.2
2007-07-02,784.6
2007-07-03,780.8
2007-07-04,
2007-07-05,775.9
2007-07-06,780.2
2007-07-09,787.9
2007-07-10,789.9
2007-07-11,787.6
2007-07-12,793.7
2007-07-13,792.8
2007-07-16,791.8
2007-07-17,791.4
2007-07-18,799.2
2007-07-19,803.6
2007-07-20,810.2
2007-07-23,807.0
2007-07-24,810.3
2007-07-25,799.3
2007-07-26,788.1
2007-07-27,785.4
2007-07-30,789.5
2007-07-31,792.2
2007-08-01,788.8
2007-08-02,789.5
2007-08-03,797.3
2007-08-06,796.2
2007-08-07,795.2
2007-08-08,799.1
2007-08-09,785.7
2007-08-10,794.5
2007-08-13,793.8
2007-08-14,792.6
2007-08-15,792.6
2007-08-16,771.4
2007-08-17,780.1
2007-08-20,779.8
2007-08-21,779.7
2007-08-22,782.1
2007-08-23,781.7
2007-08-24,790.7
2007-08-27,789.4
2007-08-28,786.8
2007-08-29,788.7
2007-08-30,787.2
2007-08-31,795.0
2007-09-03,
2007-09-04,804.4
2007-09-05,803.5
2007-09-06,817.3
2007-09-07,822.4
2007-09-10,824.8
2007-09-11,833.6
2007-09-12,833.2
2007-09-13,830.4
2007-09-14,830.3
2007-09-17,836.3
2007-09-18,836.2
2007-09-19,842.0
2007-09-20,852.4
2007-09-21,851.4
2007-09-24,851.8
2007-09-25,851.3
2007-09-26,848.0
2007-09-27,852.4
2007-09-28,862.5
2007-10-01,866.6
2007-10-02,848.8
2007-10-03,848.2
2007-10-04,856.3
2007-10-05,859.7
2007-10-08,851.2
2007-10-09,855.6
2007-10-10,858.5
2007-10-11,869.2
2007-10-12,866.3
2007-10-15,874.7
2007-10-16,874.5
2007-10-17,874.8
2007-10-18,881.2
2007-10-19,880.9
2007-10-22,872.5
2007-10-23,875.6
2007-10-24,878.1
2007-10-25,883.5
2007-10-26,900.0
2007-10-29,905.1
2007-10-30,900.3
2007-10-31,907.8
2007-11-01,906.2
2007-11-02,921.0
2007-11-05,923.3
2007-11-06,935.9
2007-11-07,946.0
2007-11-08,950.0
2007-11-09,947.2
2007-11-12,920.2
2007-11-13,911.5
2007-11-14,927.2
2007-11-15,899.8
2007-11-16,899.5
2007-11-19,890.5
2007-11-20,904.1
2007-11-21,911.3
2007-11-22,
2007-11-23,937.5
2007-11-26,939.4
2007-11-27,926.9
2007-11-28,913.0
2007-11-29,908.0
2007-11-30,894.8
2007-12-03,900.4
2007-12-04,913.3
2007-12-05,909.4
2007-12-06,912.8
2007-12-07,905.9
2007-12-10,919.2
2007-12-11,922.8
2007-12-12,924.5
2007-12-13,909.7
2007-12-14,903.7
2007-12-17,905.0
2007-12-18,913.1
2007-12-19,911.1
2007-12-20,908.9
2007-12-21,921.1
2007-12-24,922.2
2007-12-25,
2007-12-26,935.2
2007-12-27,937.5
2007-12-28,948.4
2007-12-31,943.7
2008-01-01,
2008-01-02,965.7
2008-01-03,974.8
2008-01-04,971.4
2008-01-07,967.7
2008-01-08,986.0
2008-01-09,987.4
2008-01-10,999.3
2008-01-11,1003.4
2008-01-14,1009.1
2008-01-15,1008.3
2008-01-16,987.7
2008-01-17,986.2
2008-01-18,987.4
2008-01-21,
2008-01-22,994.9
2008-01-23,986.6
2008-01-24,1010.1
2008-01-25,1015.1
2008-01-28,1031.8
2008-01-29,1030.0
2008-01-30,1025.5
2008-01-31,1026.9
2008-02-01,1012.3
2008-02-04,1008.3
2008-02-05,989.1
2008-02-06,1003.8
2008-02-07,1008.8
2008-02-08,1021.2
2008-02-11,1025.6
2008-02-12,1010.0
2008-02-13,1009.1
2008-02-14,1009.8
2008-02-15,1005.1
2008-02-18,
2008-02-19,1029.1
2008-02-20,1037.1
2008-02-21,1048.5
2008-02-22,1047.0
2008-02-25,1039.8
2008-02-26,1048.2
2008-02-27,1060.4
2008-02-28,1067.0
2008-02-29,1074.4
2008-03-03,1083.6
2008-03-04,1065.6
2008-03-05,1088.0
2008-03-06,1076.5
2008-03-07,1073.5
2008-03-10,1071.0
2008-03-11,1075.3
2008-03-12,1079.7
2008-03-13,1093.1
2008-03-14,1098.7
2008-03-17,1101.5
2008-03-18,1103.2
2008-03-19,1044.1
2008-03-20,1018.7
2008-03-21,
2008-03-24,1017.6
2008-03-25,1034.1
2008-03-26,1048.6
2008-03-27,1048.4
2008-03-28,1030.9
2008-03-31,1015.9
2008-04-01,982.2
2008-04-02,994.6
2008-04-03,1004.0
2008-04-04,1007.6
2008-04-07,1021.2
2008-04-08,1012.4
2008-04-09,1031.9
2008-04-10,1026.2
2008-04-11,1021.4
2008-04-14,1023.1
2008-04-15,1026.4
2008-04-16,1042.7
2008-04-17,1037.3
2008-04-18,1009.6
2008-04-21,1012.0
2008-04-22,1019.6
2008-04-23,1003.4
2008-04-24,983.8
2008-04-25,984.1
2008-04-28,989.9
2008-04-29,971.2
2008-04-30,959.5
2008-05-01,945.3
2008-05-02,952.4
2008-05-05,968.5
2008-05-06,972.1
2008-05-07,965.6
2008-05-08,976.5
2008-05-09,980.2
2008-05-12,979.3
2008-05-13,964.0
2008-05-14,960.9
2008-05-15,974.4
2008-05-16,994.3
2008-05-19,1000.2
2008-05-20,1014.6
2008-05-21,1023.2
2008-05-22,1013.1
2008-05-23,1020.7
2008-05-26,
2008-05-27,1003.0
2008-05-28,995.4
2008-05-29,972.1
2008-05-30,981.8
2008-06-02,987.3
2008-06-03,975.7
2008-06-04,974.0
2008-06-05,965.8
2008-06-06,989.4
2008-06-09,988.7
2008-06-10,961.8
2008-06-11,973.5
2008-06-12,962.6
2008-06-13,963.8
2008-06-16,977.1
2008-06-17,977.7
2008-06-18,984.2
2008-06-19,995.0
2008-06-20,994.4
2008-06-23,977.9
2008-06-24,982.3
2008-06-25,973.0
2008-06-26,1005.7
2008-06-27,1022.0
2008-06-30,1019.0
2008-07-01,1035.3
2008-07-02,1037.4
2008-07-03,1024.5
2008-07-04,
2008-07-07,1019.7
2008-07-08,1014.2
2008-07-09,1019.6
2008-07-10,1033.0
2008-07-11,1051.8
2008-07-14,1064.9
2008-07-15,1069.9
2008-07-16,1053.8
2008-07-17,1061.9
2008-07-18,1049.1
2008-07-21,1054.9
2008-07-22,1039.6
2008-07-23,1013.8
2008-07-24,1013.3
2008-07-25,1017.8
2008-07-28,1018.7
2008-07-29,1007.3
2008-07-30,993.3
2008-07-31,1004.0
2008-08-01,998.9
2008-08-04,989.5
2008-08-05,967.8
2008-08-06,964.8
2008-08-07,959.8
2008-08-08,946.7
2008-08-11,910.3
2008-08-12,896.8
2008-08-13,913.6
2008-08-14,896.7
2008-08-15,874.4
2008-08-18,887.8
2008-08-19,899.0
2008-08-20,898.4
2008-08-21,921.0
2008-08-22,915.5
2008-08-25,907.7
2008-08-26,910.2
2008-08-27,916.1
2008-08-28,919.3
2008-08-29,917.2
2008-09-01,
2008-09-02,892.6
2008-09-03,890.3
2008-09-04,885.3
2008-09-05,884.8
2008-09-08,884.5
2008-09-09,874.1
2008-09-10,844.9
2008-09-11,828.1
2008-09-12,847.0
2008-09-15,869.8
2008-09-16,863.1
2008-09-17,933.1
2008-09-18,979.6
2008-09-19,947.3
2008-09-22,991.6
2008-09-23,973.8
2008-09-24,977.6
2008-09-25,964.6
2008-09-26,971.1
2008-09-29,977.0
2008-09-30,963.4
2008-10-01,969.9
2008-10-02,926.9
2008-10-03,915.8
2008-10-06,948.8
2008-10-07,964.6
2008-10-08,989.1
2008-10-09,969.1
2008-10-10,941.6
2008-10-13,925.1
2008-10-14,922.1
2008-10-15,921.6
2008-10-16,887.1
2008-10-17,870.3
2008-10-20,872.6
2008-10-21,850.6
2008-10-22,817.8
2008-10-23,797.3
2008-10-24,812.9
2008-10-27,825.5
2008-10-28,823.1
2008-10-29,836.6
2008-10-30,821.1
2008-10-31,800.8
2008-11-03,809.4
2008-11-04,839.9
2008-11-05,825.0
2008-11-06,814.8
2008-11-07,816.8
2008-11-10,829.1
2008-11-11,815.4
2008-11-12,800.9
2008-11-13,787.6
2008-11-14,825.1
2008-11-17,824.6
2008-11-18,815.3
2008-11-19,818.2
2008-11-20,831.1
2008-11-21,874.1
2008-11-24,902.1
2008-11-25,902.2
2008-11-26,893.0
2008-11-27,
2008-11-28,900.7
2008-12-01,858.5
2008-12-02,865.0
2008-12-03,852.2
2008-12-04,847.2
2008-12-05,833.9
2008-12-08,851.0
2008-12-09,855.9
2008-12-10,890.5
2008-12-11,908.3
2008-12-12,902.2
2008-12-15,918.2
2008-12-16,924.4
2008-12-17,950.2
2008-12-18,942.3
2008-12-19,919.1
2008-12-22,928.9
2008-12-23,919.8
2008-12-24,929.7
2008-12-25,
2008-12-26,952.9
2008-12-29,957.0
2008-12-30,951.7
2008-12-31,966.0
2009-01-01,
2009-01-02,961.2
2009-01-05,939.5
2009-01-06,947.7
2009-01-07,923.4
2009-01-08,936.2
2009-01-09,936.7
2009-01-12,902.7
2009-01-13,902.4
2009-01-14,890.5
2009-01-15,889.0
2009-01-16,921.6
2009-01-19,
2009-01-20,936.9
2009-01-21,931.8
2009-01-22,940.7
2009-01-23,978.2
2009-01-26,991.2
2009-01-27,981.9
2009-01-28,970.4
2009-01-29,986.9
2009-01-30,1008.9
2009-02-02,987.8
2009-02-03,973.0
2009-02-04,982.8
2009-02-05,994.9
2009-02-06,994.9
2009-02-09,973.3
2009-02-10,994.8
2009-02-11,1025.2
2009-02-12,1029.9
2009-02-13,1022.9
2009-02-16,
2009-02-17,1048.3
2009-02-18,1059.1
2009-02-19,1057.4
2009-02-20,1083.2
2009-02-23,1075.9
2009-02-24,1050.4
2009-02-25,1047.1
2009-02-26,1023.3
2009-02-27,1023.2
2009-03-02,1020.7
2009-03-03,994.1
2009-03-04,987.3
2009-03-05,1008.6
2009-03-06,1023.6
2009-03-09,998.9
2009-03-10,976.7
2009-03-11,991.6
2009-03-12,1004.9
2009-03-13,1011.1
2009-03-16,1003.0
2009-03-17,997.8
2009-03-18,970.0
2009-03-19,1039.7
2009-03-20,1037.2
2009-03-23,1033.5
2009-03-24,1004.7
2009-03-25,1016.7
2009-03-26,1020.9
2009-03-27,1004.0
2009-03-30,996.4
2009-03-31,1003.7
2009-04-01,1006.4
2009-04-02,987.6
2009-04-03,976.0
2009-04-06,951.5
2009-04-07,962.0
2009-04-08,964.6
2009-04-09,962.0
2009-04-10,
2009-04-13,974.5
2009-04-14,970.7
2009-04-15,972.2
2009-04-16,958.5
2009-04-17,946.6
2009-04-20,966.2
2009-04-21,961.4
2009-04-22,971.2
2009-04-23,985.3
2009-04-24,992.8
2009-04-27,986.9
2009-04-28,972.3
2009-04-29,979.2
2009-04-30,969.9
2009-05-01,966.9
2009-05-04,980.9
2009-05-05,983.0
2009-05-06,989.7
2009-05-07,994.2
2009-05-08,993.6
2009-05-11,992.2
2009-05-12,1002.6
2009-05-13,1004.6
2009-05-14,1007.1
2009-05-15,1010.0
2009-05-18,1000.4
2009-05-19,1005.4
2009-05-20,1016.0
2009-05-21,1029.7
2009-05-22,1037.5
2009-05-25,
2009-05-26,1032.1
2009-05-27,1032.3
2009-05-28,1040.3
2009-05-29,1057.4
2009-06-01,1057.1
2009-06-02,1061.5
2009-06-03,1042.6
2009-06-04,1059.3
2009-06-05,1039.7
2009-06-08,1029.6
2009-06-09,1031.8
2009-06-10,1031.8
2009-06-11,1039.1
2009-06-12,1017.8
2009-06-15,1004.5
2009-06-16,1009.3
2009-06-17,1013.1
2009-06-18,1011.7
2009-06-19,1013.3
2009-06-22,998.1
2009-06-23,1001.3
2009-06-24,1011.5
2009-06-25,1016.6
2009-06-26,1018.1
2009-06-29,1017.8
2009-06-30,1004.5
2009-07-01,1018.5
2009-07-02,1008.0
2009-07-03,
2009-07-06,1001.3
2009-07-07,1006.1
2009-07-08,986.4
2009-07-09,993.4
2009-07-10,989.7
2009-07-13,999.7
2009-07-14,999.9
2009-07-15,1016.4
2009-07-16,1012.4
2009-07-17,1014.5
2009-07-20,1025.8
2009-07-21,1023.9
2009-07-22,1030.3
2009-07-23,1031.8
2009-07-24,1030.1
2009-07-27,1030.5
2009-07-28,1016.0
2009-07-29,1004.0
2009-07-30,1011.7
2009-07-31,1030.2
2009-08-03,1033.2
2009-08-04,1044.1
2009-08-05,1040.7
2009-08-06,1037.2
2009-08-07,1033.8
2009-08-10,1021.5
2009-08-11,1022.2
2009-08-12,1027.1
2009-08-13,1031.1
2009-08-14,1023.3
2009-08-17,1010.5
2009-08-18,1013.9
2009-08-19,1019.4
2009-08-20,1016.3
2009-08-21,1029.1
2009-08-24,1018.1
2009-08-25,1020.4
2009-08-26,1020.2
2009-08-27,1021.7
2009-08-28,1033.2
2009-08-31,1027.9
2009-09-01,1030.9
2009-09-02,1052.8
2009-09-03,1072.0
2009-09-04,1071.1
2009-09-07,
2009-09-08,1074.2
2009-09-09,1071.6
2009-09-10,1071.4
2009-09-11,1080.9
2009-09-14,1075.9
2009-09-15,1081.0
2009-09-16,1094.9
2009-09-17,1088.3
2009-09-18,1085.1
2009-09-21,1079.7
2009-09-22,1090.3
2009-09-23,1089.2
2009-09-24,1073.7
2009-09-25,1066.4
2009-09-28,1068.9
2009-09-29,1069.2
2009-09-30,1084.1
2009-10-01,1075.5
2009-10-02,1079.1
2009-10-05,1092.6
2009-10-06,1114.5
2009-10-07,1119.2
2009-10-08,1131.1
2009-10-09,1123.4
2009-10-12,1132.3
2009-10-13,1139.8
2009-10-14,1139.5
2009-10-15,1125.4
2009-10-16,1126.3
2009-10-19,1132.9
2009-10-20,1133.4
2009-10-21,1139.3
2009-10-22,1133.4
2009-10-23,1131.2
2009-10-26,1117.6
2009-10-27,1110.2
2009-10-28,1105.3
2009-10-29,1121.9
2009-10-30,1115.2
2009-11-02,1128.8
2009-11-03,1159.7
2009-11-04,1162.1
2009-11-05,1164.1
2009-11-06,1170.5
2009-11-09,1176.2
2009-11-10,1177.3
2009-11-11,1189.4
2009-11-12,1181.4
2009-11-13,1191.5
2009-11-16,1214.0
2009-11-17,1214.2
2009-11-18,1216.0
2009-11-19,1216.7
2009-11-20,1221.5
2009-11-23,1239.5
2009-11-24,1240.7
2009-11-25,1261.9
2009-11-26,
2009-11-27,1248.8
2009-11-30,1255.6
2009-12-01,1273.5
2009-12-02,1286.3
2009-12-03,1291.6
2009-12-04,1242.8
2009-12-07,1237.3
2009-12-08,1216.7
2009-12-09,1194.2
2009-12-10,1199.5
2009-12-11,1193.2
2009-12-14,1197.1
2009-12-15,1196.3
2009-12-16,1209.5
2009-12-17,1180.7
2009-12-18,1184.8
2009-12-21,1169.3
2009-12-22,1160.0
2009-12-23,1167.3
2009-12-24,1178.1
2009-12-25,
2009-12-28,1181.2
2009-12-29,1171.4
2009-12-30,1165.8
2009-12-31,1169.5
2010-01-01,
2010-01-04,1191.6
2010-01-05,1192.0
2010-01-06,1209.8
2010-01-07,1207.0
2010-01-08,1212.2
2010-01-11,1224.7
2010-01-12,1202.7
2010-01-13,1210.1
2010-01-14,1216.3
2010-01-15,1203.8
2010-01-18,
2010-01-19,1213.3
2010-01-20,1185.9
2010-01-21,1176.5
2010-01-22,1163.1
2010-01-25,1169.1
2010-01-26,1171.8
2010-01-27,1158.0
2010-01-28,1157.2
2010-01-29,1156.2
2010-02-01,1177.4
2010-02-02,1190.4
2010-02-03,1184.4
2010-02-04,1135.4
2010-02-05,1125.2
2010-02-08,1138.7
2010-02-09,1149.7
2010-02-10,1148.8
2010-02-11,1167.2
2010-02-12,1162.5
2010-02-15,
2010-02-16,1192.3
2010-02-17,1192.7
2010-02-18,1191.3
2010-02-19,1194.7
2010-02-22,1185.7
2010-02-23,1175.8
2010-02-24,1169.8
2010-02-25,1181.1
2010-02-26,1191.5
2010-03-01,1190.9
2010-03-02,1210.0
2010-03-03,1216.0
2010-03-04,1205.8
2010-03-05,1207.9
2010-03-08,1196.7
2010-03-09,1195.0
2010-03-10,1180.8
2010-03-11,1180.9
2010-03-12,1174.4
2010-03-15,1178.0
2010-03-16,1195.0
2010-03-17,1196.7
2010-03-18,1200.0
2010-03-19,1180.2
2010-03-22,1172.1
2010-03-23,1176.3
2010-03-24,1161.3
2010-03-25,1165.5
2010-03-26,1176.8
2010-03-29,1182.9
2010-03-30,1177.1
2010-03-31,1185.9
2010-04-01,1197.5
2010-04-02,
2010-04-05,1205.2
2010-04-06,1207.4
2010-04-07,1224.4
2010-04-08,1224.3
2010-04-09,1233.3
2010-04-12,1233.6
2010-04-13,1224.8
2010-04-14,1231.0
2010-04-15,1231.7
2010-04-16,1208.3
2010-04-19,1207.2
2010-04-20,1210.6
2010-04-21,1220.2
2010-04-22,1214.3
2010-04-23,1225.1
2010-04-26,1225.4
2010-04-27,1233.6
2010-04-28,1243.2
2010-04-29,1240.2
2010-04-30,1252.1
2010-05-03,1254.7
2010-05-04,1240.6
2010-05-05,1246.4
2010-05-06,1268.7
2010-05-07,1281.8
2010-05-10,1272.2
2010-05-11,1291.7
2010-05-12,1314.5
2010-05-13,1300.6
2010-05-14,1299.2
2010-05-17,1299.5
2010-05-18,1286.0
2010-05-19,1264.5
2010-05-20,1260.0
2010-05-21,1247.6
2010-05-24,1265.7
2010-05-25,1269.8
2010-05-26,1285.4
2010-05-27,1284.4
2010-05-28,1284.9
2010-05-31,
2010-06-01,1296.9
2010-06-02,1292.6
2010-06-03,1279.9
2010-06-04,1287.6
2010-06-07,1310.8
2010-06-08,1315.7
2010-06-09,1299.8
2010-06-10,1292.1
2010-06-11,1300.2
2010-06-14,1294.5
2010-06-15,1304.4
2010-06-16,1300.5
2010-06-17,1318.6
2010-06-18,1328.2
2010-06-21,1310.6
2010-06-22,1310.7
2010-06-23,1304.7
2010-06-24,1315.8
2010-06-25,1326.1
2010-06-28,1308.5
2010-06-29,1312.3
2010-06-30,1315.8
2010-07-01,1276.5
2010-07-02,1277.5
2010-07-05,
2010-07-06,1264.9
2010-07-07,1268.7
2010-07-08,1266.0
2010-07-09,1279.7
2010-07-12,1268.6
2010-07-13,1283.4
2010-07-14,1276.9
2010-07-15,1278.2
2010-07-16,1258.0
2010-07-19,1251.8
2010-07-20,1261.5
2010-07-21,1261.6
2010-07-22,1265.3
2010-07-23,1257.6
2010-07-26,1252.9
2010-07-27,1227.8
2010-07-28,1228.9
2010-07-29,1237.7
2010-07-30,1250.3
2010-08-02,1252.0
2010-08-03,1254.0
2010-08-04,1262.4
2010-08-05,1265.8
2010-08-06,1272.0
2010-08-09,1269.3
2010-08-10,1264.7
2010-08-11,1265.9
2010-08-12,1283.3
2010-08-13,1283.3
2010-08-16,1292.9
2010-08-17,1294.9
2010-08-18,1298.0
2010-08-19,1302.1
2010-08-20,1295.5
2010-08-23,1295.2
2010-08-24,1300.1
2010-08-25,1307.8
2010-08-26,1304.3
2010-08-27,1304.5
2010-08-30,1305.9
2010-08-31,1316.9
2010-09-01,1314.7
2010-09-02,1320.0
2010-09-03,1317.7
2010-09-06,
2010-09-07,1325.8
2010-09-08,1324.0
2010-09-09,1317.3
2010-09-10,1312.9
2010-09-13,1313.5
2010-09-14,1338.1
2010-09-15,1335.0
2010-09-16,1340.1
2010-09-17,1343.8
2010-09-20,1347.1
2010-09-21,1340.6
2010-09-22,1358.4
2010-09-23,1362.6
2010-09-24,1364.4
2010-09-27,1364.9
2010-09-28,1374.6
2010-09-29,1376.6
2010-09-30,1375.9
2010-10-01,1384.1
2010-10-04,1383.1
2010-10-05,1406.6
2010-10-06,1414.0
2010-10-07,1401.3
2010-10-08,1411.6
2010-10-11,1420.7
2010-10-12,1413.0
2010-10-13,1436.8
2010-10-14,1443.9
2010-10-15,1438.3
2010-10-18,1438.4
2010-10-19,1402.3
2010-10-20,1410.5
2010-10-21,1391.9
2010-10-22,1391.4
2010-10-25,1405.2
2010-10-26,1404.9
2010-10-27,1388.9
2010-10-28,1408.8
2010-10-29,1423.9
2010-11-01,1416.9
2010-11-02,1423.2
2010-11-03,1403.9
2010-11-04,1449.4
2010-11-05,1464.0
2010-11-08,1469.5
2010-11-09,1476.4
2010-11-10,1465.6
2010-11-11,1469.6
2010-11-12,1431.8
2010-11-15,1434.8
2010-11-16,1404.7
2010-11-17,1403.2
2010-11-18,1419.3
2010-11-19,1418.6
2010-11-22,1424.1
2010-11-23,1443.9
2010-11-24,1439.2
2010-11-25,
2010-11-26,1428.5
2010-11-29,1431.7
2010-11-30,1450.3
2010-12-01,1452.5
2010-12-02,1453.5
2010-12-03,1470.4
2010-12-06,1480.3
2010-12-07,1473.2
2010-12-08,1447.4
2010-12-09,1457.0
2010-12-10,1449.1
2010-12-13,1462.2
2010-12-14,1468.5
2010-12-15,1450.4
2010-12-16,1435.2
2010-12-17,1443.4
2010-12-20,1450.3
2010-12-21,1453.0
2010-12-22,1451.6
2010-12-23,1444.7
2010-12-24,
2010-12-27,1447.1
2010-12-28,1469.8
2010-12-29,1477.7
2010-12-30,1470.1
2010-12-31,1485.6
2011-01-03,1487.1
2011-01-04,1443.0
2011-01-05,1437.9
2011-01-06,1435.9
2011-01-07,1433.1
2011-01-10,1438.3
2011-01-11,1448.5
2011-01-12,1450.0
2011-01-13,1451.2
2011-01-14,1424.7
2011-01-17,
2011-01-18,1432.4
2011-01-19,1434.4
2011-01-20,1410.4
2011-01-21,1404.9
2011-01-24,1408.2
2011-01-25,1396.0
2011-01-26,1396.7
2011-01-27,1381.9
2011-01-28,1403.8
2011-01-31,1396.6
2011-02-01,1402.3
2011-02-02,1394.0
2011-02-03,1414.9
2011-02-04,1411.0
2011-02-07,1410.2
2011-02-08,1426.0
2011-02-09,1427.4
2011-02-10,1424.4
2011-02-11,1422.4
2011-02-14,1427.1
2011-02-15,1436.0
2011-02-16,1437.1
2011-02-17,1447.1
2011-02-18,1450.6
2011-02-21,
2011-02-22,1463.1
2011-02-23,1476.0
2011-02-24,1477.5
2011-02-25,1471.2
2011-02-28,1471.8
2011-03-01,1493.2
2011-03-02,1499.8
2011-03-03,1478.4
2011-03-04,1490.6
2011-03-07,1496.5
2011-03-08,1489.3
2011-03-09,1491.7
2011-03-10,1474.6
2011-03-11,1483.7
2011-03-14,1486.8
2011-03-15,1454.7
2011-03-16,1458.0
2011-03-17,1466.1
2011-03-18,1478.0
2011-03-21,1488.3
2011-03-22,1489.6
2011-03-23,1500.0
2011-03-24,1496.9
2011-03-25,1488.1
2011-03-28,1481.8
2011-03-29,1478.0
2011-03-30,1485.4
2011-03-31,1500.4
2011-04-01,1489.4
2011-04-04,1493.5
2011-04-05,1513.0
2011-04-06,1519.0
2011-04-07,1519.8
2011-04-08,1534.6
2011-04-11,1528.6
2011-04-12,1514.1
2011-04-13,1516.1
2011-04-14,1532.9
2011-04-15,1546.5
2011-04-18,1553.4
2011-04-19,1555.6
2011-04-20,1559.4
2011-04-21,1564.3
2011-04-22,
2011-04-25,1569.6
2011-04-26,1564.0
2011-04-27,1577.6
2011-04-28,1591.7
2011-04-29,1616.9
2011-05-02,1617.6
2011-05-03,1600.9
2011-05-04,1575.8
2011-05-05,1541.9
2011-05-06,1552.1
2011-05-09,1563.7
2011-05-10,1577.4
2011-05-11,1561.9
2011-05-12,1567.3
2011-05-13,1554.1
2011-05-16,1551.1
2011-05-17,1540.5
2011-05-18,1556.3
2011-05-19,1552.8
2011-05-20,1569.2
2011-05-23,1575.7
2011-05-24,1583.7
2011-05-25,1587.1
2011-05-26,1583.0
2011-05-27,1596.6
2011-05-30,
2011-05-31,1596.1
2011-06-01,1602.5
2011-06-02,1592.0
2011-06-03,1601.6
2011-06-06,1606.5
2011-06-07,1603.2
2011-06-08,1597.9
2011-06-09,1601.9
2011-06-10,1588.4
2011-06-13,1574.8
2011-06-14,1583.5
2011-06-15,1585.3
2011-06-16,1589.0
2011-06-17,1598.2
2011-06-20,1601.1
2011-06-21,1605.5
2011-06-22,1612.5
2011-06-23,1579.5
2011-06-24,1559.9
2011-06-27,1555.4
2011-06-28,1559.2
2011-06-29,1569.5
2011-06-30,1561.8
2011-07-01,1541.7
2011-07-04,
2011-07-05,1571.8
2011-07-06,1588.3
2011-07-07,1589.7
2011-07-08,1600.7
2011-07-11,1608.2
2011-07-12,1621.3
2011-07-13,1644.5
2011-07-14,1648.2
2011-07-15,1649.0
2011-07-18,1661.4
2011-07-19,1660.1
2011-07-20,1656.0
2011-07-21,1646.1
2011-07-22,1660.6
2011-07-25,1671.3
2011-07-26,1676.0
2011-07-27,1674.1
2011-07-28,1672.9
2011-07-29,1687.9
2011-08-01,1678.4
2011-08-02,1701.1
2011-08-03,1722.9
2011-08-04,1715.5
2011-08-05,1708.2
2011-08-08,1769.6
2011-08-09,1799.4
2011-08-10,1840.7
2011-08-11,1807.9
2011-08-12,1799.0
2011-08-15,1814.4
2011-08-16,1841.4
2011-08-17,1850.2
2011-08-18,1877.9
2011-08-19,1908.1
2011-08-22,1947.7
2011-08-23,1917.2
2011-08-24,1813.0
2011-08-25,1818.6
2011-08-26,1853.1
2011-08-29,1847.3
2011-08-30,1885.5
2011-08-31,1887.3
2011-09-01,1884.7
2011-09-02,1932.4
2011-09-05,
2011-09-06,1928.6
2011-09-07,1872.9
2011-09-08,1913.2
2011-09-09,1915.1
2011-09-12,1868.6
2011-09-13,1885.5
2011-09-14,1882.2
2011-09-15,1837.2
2011-09-16,1870.5
2011-09-19,1834.7
2011-09-20,1864.9
2011-09-21,1863.9
2011-09-22,1797.5
2011-09-23,1695.6
2011-09-26,1650.6
2011-09-27,1708.3
2011-09-28,1673.9
2011-09-29,1673.1
2011-09-30,1678.1
2011-10-03,1713.5
2011-10-04,1671.8
2011-10-05,1697.4
2011-10-06,1709.0
2011-10-07,1691.6
2011-10-10,1726.6
2011-10-11,1716.8
2011-10-12,1738.4
2011-10-13,1724.3
2011-10-14,1738.8
2011-10-17,1732.4
2011-10-18,1708.6
2011-10-19,1702.8
2011-10-20,1668.7
2011-10-21,1691.9
2011-10-24,1708.1
2011-10-25,1756.2
2011-10-26,1779.3
2011-10-27,1803.5
2011-10-28,1803.0
2011-10-31,1781.0
2011-11-01,1767.6
2011-11-02,1785.4
2011-11-03,1820.9
2011-11-04,1811.9
2011-11-07,1846.9
2011-11-08,1855.0
2011-11-09,1847.4
2011-11-10,1815.4
2011-11-11,1843.9
2011-11-14,1834.2
2011-11-15,1838.0
2011-11-16,1830.1
2011-11-17,1776.0
2011-11-18,1781.0
2011-11-21,1734.7
2011-11-22,1758.6
2011-11-23,1751.9
2011-11-24,
2011-11-25,1741.6
2011-11-28,1767.6
2011-11-29,1772.0
2011-11-30,1803.4
2011-12-01,1792.9
2011-12-02,1804.4
2011-12-05,1787.6
2011-12-06,1784.9
2011-12-07,1797.9
2011-12-08,1766.5
2011-12-09,1769.9
2011-12-12,1721.3
2011-12-13,1716.2
2011-12-14,1640.0
2011-12-15,1630.3
2011-12-16,1651.0
2011-12-19,1649.8
2011-12-20,1670.7
2011-12-21,1666.7
2011-12-22,1663.7
2011-12-23,1659.1
2011-12-26,
2011-12-27,1648.6
2011-12-28,1617.2
2011-12-29,1594.0
2011-12-30,1619.9
2012-01-02,
2012-01-03,1653.6
2012-01-04,1665.8
2012-01-05,1673.2
2012-01-06,1669.9
2012-01-09,1661.2
2012-01-10,1684.6
2012-01-11,1692.7
2012-01-12,1700.8
2012-01-13,1683.9
2012-01-16,
2012-01-17,1708.7
2012-01-18,1713.0
2012-01-19,1707.4
2012-01-20,1717.0
2012-01-23,1731.4
2012-01-24,1717.5
2012-01-25,1753.2
2012-01-26,1780.2
2012-01-27,1785.7
2012-01-30,1784.7
2012-01-31,1790.6
2012-02-01,1799.6
2012-02-02,1809.4
2012-02-03,1790.3
2012-02-06,1774.9
2012-02-07,1798.4
2012-02-08,1781.3
2012-02-09,1791.3
2012-02-10,1775.4
2012-02-13,1775.0
2012-02-14,1767.7
2012-02-15,1778.2
2012-02-16,1778.5
2012-02-17,1776.0
2012-02-20,
2012-02-21,1808.7
2012-02-22,1821.5
2012-02-23,1836.5
2012-02-24,1826.5
2012-02-27,1824.9
2012-02-28,1838.5
2012-02-29,1761.3
2012-03-01,1772.3
2012-03-02,1759.9
2012-03-05,1754.0
2012-03-06,1722.2
2012-03-07,1734.0
2012-03-08,1748.8
2012-03-09,1761.6
2012-03-12,1749.7
2012-03-13,1744.1
2012-03-14,1692.6
2012-03-15,1709.1
2012-03-16,1705.4
2012-03-19,1717.0
2012-03-20,1696.7
2012-03-21,1700.0
2012-03-22,1692.2
2012-03-23,1712.2
2012-03-26,1735.5
2012-03-27,1735.0
2012-03-28,1707.8
2012-03-29,1702.2
2012-03-30,1719.2
2012-04-02,1727.0
2012-04-03,1719.3
2012-04-04,1661.4
2012-04-05,1677.4
2012-04-06,
2012-04-09,1691.2
2012-04-10,1708.0
2012-04-11,1707.6
2012-04-12,1727.9
2012-04-13,1707.5
2012-04-16,1697.0
2012-04-17,1698.4
2012-04-18,1686.9
2012-04-19,1688.7
2012-04-20,1690.1
2012-04-23,1679.9
2012-04-24,1691.1
2012-04-25,1689.6
2012-04-26,1707.8
2012-04-27,1712.1
2012-04-30,1711.5
2012-05-01,1709.7
2012-05-02,1701.3
2012-05-03,1682.1
2012-05-04,1692.5
2012-05-07,1686.4
2012-05-08,1651.8
2012-05-09,1641.5
2012-05-10,1642.8
2012-05-11,1631.3
2012-05-14,1608.3
2012-05-15,1604.4
2012-05-16,1583.9
2012-05-17,1622.2
2012-05-18,1639.2
2012-05-21,1636.0
2012-05-22,1623.8
2012-05-23,1595.6
2012-05-24,1604.8
2012-05-25,1616.3
2012-05-28,
2012-05-29,1596.2
2012-05-30,1611.0
2012-05-31,1609.4
2012-06-01,1667.3
2012-06-04,1659.1
2012-06-05,1662.1
2012-06-06,1679.4
2012-06-07,1633.1
2012-06-08,1636.5
2012-06-11,1641.9
2012-06-12,1658.9
2012-06-13,1664.5
2012-06-14,1664.7
2012-06-15,1673.3
2012-06-18,1672.2
2012-06-19,1668.4
2012-06-20,1661.0
2012-06-21,1610.6
2012-06-22,1612.0
2012-06-25,1633.5
2012-06-26,1620.1
2012-06-27,1623.6
2012-06-28,1595.5
2012-06-29,1649.4
2012-07-02,1642.9
2012-07-03,1667.0
2012-07-04,
2012-07-05,1654.6
2012-07-06,1624.1
2012-07-09,1634.4
2012-07-10,1625.1
2012-07-11,1621.1
2012-07-12,1610.6
2012-07-13,1637.4
2012-07-16,1636.9
2012-07-17,1634.8
2012-07-18,1616.1
2012-07-19,1625.7
2012-07-20,1628.0
2012-07-23,1622.7
2012-07-24,1621.5
2012-07-25,1653.3
2012-07-26,1660.4
2012-07-27,1663.3
2012-07-30,1664.7
2012-07-31,1655.4
2012-08-01,1648.1
2012-08-02,1631.6
2012-08-03,1650.1
2012-08-06,1657.1
2012-08-07,1653.7
2012-08-08,1656.9
2012-08-09,1661.1
2012-08-10,1663.7
2012-08-13,1653.6
2012-08-14,1643.4
2012-08-15,1647.6
2012-08-16,1660.1
2012-08-17,1660.3
2012-08-20,1663.9
2012-08-21,1683.7
2012-08-22,1681.3
2012-08-23,1713.6
2012-08-24,1713.7
2012-08-27,1716.3
2012-08-28,1710.4
2012-08-29,1703.7
2012-08-30,1697.8
2012-08-31,1728.3
2012-09-03,
2012-09-04,1736.6
2012-09-05,1734.6
2012-09-06,1746.2
2012-09-07,1781.0
2012-09-10,1772.2
2012-09-11,1775.3
2012-09-12,1774.1
2012-09-13,1812.5
2012-09-14,1813.1
2012-09-17,1811.0
2012-09-18,1811.7
2012-09-19,1812.2
2012-09-20,1810.7
2012-09-21,1818.5
2012-09-24,1805.1
2012-09-25,1806.9
2012-09-26,1794.1
2012-09-27,1821.0
2012-09-28,1814.4
2012-10-01,1823.8
2012-10-02,1816.1
2012-10-03,1820.3
2012-10-04,1837.0
2012-10-05,1821.3
2012-10-08,1816.2
2012-10-09,1805.5
2012-10-10,1805.6
2012-10-11,1811.1
2012-10-12,1800.2
2012-10-15,1778.1
2012-10-16,1786.8
2012-10-17,1793.5
2012-10-18,1785.2
2012-10-19,1764.5
2012-10-22,1766.8
2012-10-23,1749.9
2012-10-24,1742.1
2012-10-25,1753.5
2012-10-26,1752.4
2012-10-29,1749.2
2012-10-30,1752.6
2012-10-31,1759.6
2012-11-01,1756.0
2012-11-02,1715.7
2012-11-05,1723.7
2012-11-06,1755.5
2012-11-07,1754.5
2012-11-08,1766.5
2012-11-09,1771.4
2012-11-12,1771.4
2012-11-13,1765.3
2012-11-14,1770.6
2012-11-15,1754.3
2012-11-16,1755.2
2012-11-19,1774.9
2012-11-20,1764.1
2012-11-21,1768.8
2012-11-22,
2012-11-23,1792.0
2012-11-26,1790.2
2012-11-27,1783.0
2012-11-28,1757.0
2012-11-29,1767.7
2012-11-30,1750.9
2012-12-03,1759.3
2012-12-04,1734.0
2012-12-05,1732.0
2012-12-06,1740.0
2012-12-07,1743.7
2012-12-10,1752.6
2012-12-11,1747.8
2012-12-12,1756.1
2012-12-13,1735.0
2012-12-14,1735.2
2012-12-17,1736.4
2012-12-18,1708.9
2012-12-19,1705.9
2012-12-20,1684.1
2012-12-21,1698.3
2012-12-24,1697.7
2012-12-25,
2012-12-26,1698.9
2012-12-27,1701.9
2012-12-28,1694.1
2012-12-31,1714.0
2013-01-01,
2013-01-02,1727.0
2013-01-03,1712.8
2013-01-04,1687.1
2013-01-07,1684.5
2013-01-08,1700.4
2013-01-09,1693.7
2013-01-10,1716.2
2013-01-11,1698.8
2013-01-14,1707.6
2013-01-15,1722.1
2013-01-16,1721.4
2013-01-17,1729.0
2013-01-18,1725.2
2013-01-21,
2013-01-22,1731.4
2013-01-23,1724.9
2013-01-24,1708.1
2013-01-25,1694.8
2013-01-28,1690.9
2013-01-29,1698.8
2013-01-30,1717.6
2013-01-31,1698.0
2013-02-01,1706.6
2013-02-04,1712.4
2013-02-05,1709.5
2013-02-06,1714.8
2013-02-07,1707.3
2013-02-08,1702.8
2013-02-11,1685.0
2013-02-12,1685.5
2013-02-13,1680.9
2013-02-14,1671.3
2013-02-15,1645.2
2013-02-18,
2013-02-19,1639.9
2013-02-20,1613.7
2013-02-21,1614.2
2013-02-22,1608.4
2013-02-25,1622.3
2013-02-26,1651.2
2013-02-27,1631.3
2013-02-28,1613.7
2013-03-01,1607.9
2013-03-04,1608.1
2013-03-05,1610.7
2013-03-06,1610.7
2013-03-07,1611.0
2013-03-08,1612.8
2013-03-11,1614.0
2013-03-12,1627.7
2013-03-13,1624.4
2013-03-14,1626.7
2013-03-15,1628.6
2013-03-18,1640.5
2013-03-19,1647.2
2013-03-20,1643.3
2013-03-21,1649.6
2013-03-22,1641.9
2013-03-25,1640.4
2013-03-26,1631.2
2013-03-27,1641.1
2013-03-28,1629.6
2013-03-29,
2013-04-01,1634.8
2013-04-02,1609.8
2013-04-03,1587.4
2013-04-04,1586.3
2013-04-05,1609.8
2013-04-08,1606.4
2013-04-09,1620.6
2013-04-10,1592.7
2013-04-11,1598.8
2013-04-12,1535.3
2013-04-15,1395.0
2013-04-16,1421.3
2013-04-17,1416.6
2013-04-18,1426.4
2013-04-19,1429.5
2013-04-22,1455.1
2013-04-23,1442.7
2013-04-24,1457.6
2013-04-25,1495.9
2013-04-26,1487.5
2013-04-29,1501.3
2013-04-30,1506.0
2013-05-01,1480.1
2013-05-02,1501.5
2013-05-03,1498.1
2013-05-06,1501.9
2013-05-07,1482.7
2013-05-08,1507.6
2013-05-09,1502.5
2013-05-10,1470.5
2013-05-13,1468.2
2013-05-14,1458.4
2013-05-15,1430.1
2013-05-16,1420.8
2013-05-17,1398.6
2013-05-20,1418.0
2013-05-21,1411.4
2013-05-22,1401.0
2013-05-23,1425.4
2013-05-24,1420.1
2013-05-27,
2013-05-28,1412.3
2013-05-29,1424.4
2013-05-30,1444.7
2013-05-31,1425.7
2013-06-03,1444.7
2013-06-04,1430.0
2013-06-05,1431.3
2013-06-06,1448.6
2013-06-07,1415.7
2013-06-10,1418.7
2013-06-11,1409.7
2013-06-12,1424.7
2013-06-13,1410.5
2013-06-14,1420.3
2013-06-17,1415.8
2013-06-18,1399.6
2013-06-19,1406.7
2013-06-20,1318.8
2013-06-21,1324.6
2013-06-24,1309.7
2013-06-25,1307.6
2013-06-26,1262.3
2013-06-27,1244.2
2013-06-28,1256.3
2013-07-01,1288.4
2013-07-02,1276.1
2013-07-03,1284.6
2013-07-04,
2013-07-05,1245.4
2013-07-08,1267.6
2013-07-09,1278.6
2013-07-10,1280.1
2013-07-11,1312.5
2013-07-12,1310.2
2013-07-15,1316.0
2013-07-16,1322.7
2013-07-17,1309.6
2013-07-18,1316.3
2013-07-19,1324.9
2013-07-22,1368.1
2013-07-23,1366.4
2013-07-24,1351.3
2013-07-25,1360.6
2013-07-26,1353.1
2013-07-29,1360.5
2013-07-30,1355.9
2013-07-31,1344.1
2013-08-01,1342.3
2013-08-02,1341.8
2013-08-05,1333.7
2013-08-06,1314.1
2013-08-07,1317.0
2013-08-08,1341.6
2013-08-09,1343.8
2013-08-12,1365.8
2013-08-13,1352.1
2013-08-14,1365.1
2013-08-15,1392.6
2013-08-16,1402.5
2013-08-19,1397.2
2013-08-20,1404.1
2013-08-21,1401.6
2013-08-22,1402.2
2013-08-23,1427.1
2013-08-26,1424.5
2013-08-27,1451.5
2013-08-28,1450.0
2013-08-29,1444.1
2013-08-30,1427.3
2013-09-02,
2013-09-03,1443.2
2013-09-04,1421.1
2013-09-05,1404.1
2013-09-06,1417.7
2013-09-09,1417.9
2013-09-10,1395.2
2013-09-11,1395.0
2013-09-12,1361.8
2013-09-13,1339.9
2013-09-16,1349.3
2013-09-17,1340.9
2013-09-18,1339.2
2013-09-19,1401.0
2013-09-20,1364.1
2013-09-23,1358.5
2013-09-24,1347.5
2013-09-25,1367.4
2013-09-26,1355.1
2013-09-27,1369.9
2013-09-30,1357.7
2013-10-01,1316.8
2013-10-02,1351.4
2013-10-03,1348.3
2013-10-04,1340.6
2013-10-07,1355.8
2013-10-08,1355.3
2013-10-09,1337.9
2013-10-10,1327.6
2013-10-11,1298.9
2013-10-14,1307.3
2013-10-15,1303.9
2013-10-16,1313.0
2013-10-17,1353.7
2013-10-18,1345.3
2013-10-21,1346.5
2013-10-22,1373.3
2013-10-23,1364.7
2013-10-24,1381.0
2013-10-25,1383.2
2013-10-28,1382.9
2013-10-29,1376.2
2013-10-30,1380.0
2013-10-31,1354.4
2013-11-01,1343.9
2013-11-04,1345.4
2013-11-05,1338.8
2013-11-06,1348.5
2013-11-07,1339.2
2013-11-08,1315.3
2013-11-11,1311.8
2013-11-12,1301.9
2013-11-13,1299.1
2013-11-14,1317.0
2013-11-15,1318.1
2013-11-18,1303.0
2013-11-19,1304.2
2013-11-20,1288.7
2013-11-21,1274.3
2013-11-22,1274.8
2013-11-25,1271.9
2013-11-26,1272.1
2013-11-27,1268.5
2013-11-28,
2013-11-29,1281.3
2013-12-02,1253.0
2013-12-03,1252.4
2013-12-04,1278.9
2013-12-05,1263.9
2013-12-06,1261.0
2013-12-09,1266.0
2013-12-10,1293.1
2013-12-11,1289.2
2013-12-12,1256.9
2013-12-13,1266.6
2013-12-16,1276.4
2013-12-17,1262.1
2013-12-18,1267.0
2013-12-19,1225.6
2013-12-20,1235.7
2013-12-23,1229.0
2013-12-24,1235.3
2013-12-25,
2013-12-26,1244.3
2013-12-27,1246.0
2013-12-30,1235.8
2013-12-31,1234.3
2014-01-01,
2014-01-02,1257.2
2014-01-03,1270.6
2014-01-06,1270.0
2014-01-07,1261.6
2014-01-08,1257.5
2014-01-09,1261.4
2014-01-10,1278.9
2014-01-13,1283.1
2014-01-14,1277.4
2014-01-15,1270.3
2014-01-16,1272.2
2014-01-17,1283.9
2014-01-20,
2014-01-21,1273.8
2014-01-22,1270.6
2014-01-23,1294.3
2014-01-24,1296.3
2014-01-27,1295.4
2014-01-28,1282.8
2014-01-29,1294.2
2014-01-30,1274.2
2014-01-31,1272.1
2014-02-03,1292.4
2014-02-04,1283.7
2014-02-05,1289.3
2014-02-06,1289.6
2014-02-07,1295.3
2014-02-10,1306.8
2014-02-11,1322.1
2014-02-12,1327.3
2014-02-13,1332.4
2014-02-14,1351.0
2014-02-17,
2014-02-18,1356.7
2014-02-19,1352.6
2014-02-20,1349.1
2014-02-21,1355.9
2014-02-24,1370.2
2014-02-25,1374.9
2014-02-26,1360.3
2014-02-27,1364.1
2014-02-28,1353.9
2014-03-03,1382.6
2014-03-04,1370.2
2014-03-05,1372.6
2014-03-06,1384.1
2014-03-07,1370.5
2014-03-10,1373.8
2014-03-11,1379.0
2014-03-12,1402.7
2014-03-13,1404.6
2014-03-14,1411.2
2014-03-17,1405.1
2014-03-18,1391.1
2014-03-19,1373.5
2014-03-20,1362.7
2014-03-21,1368.0
2014-03-24,1343.1
2014-03-25,1343.4
2014-03-26,1335.4
2014-03-27,1326.8
2014-03-28,1326.3
2014-03-31,1315.8
2014-04-01,1312.0
2014-04-02,1322.8
2014-04-03,1316.6
2014-04-04,1335.5
2014-04-07,1330.3
2014-04-08,1341.1
2014-04-09,1337.9
2014-04-10,1352.5
2014-04-11,1351.0
2014-04-14,1359.5
2014-04-15,1332.3
2014-04-16,1335.5
2014-04-17,1325.9
2014-04-18,
2014-04-21,1320.5
2014-04-22,1313.1
2014-04-23,1316.6
2014-04-24,1322.6
2014-04-25,1332.8
2014-04-28,1331.0
2014-04-29,1328.3
2014-04-30,1327.9
2014-05-01,1315.4
2014-05-02,1334.9
2014-05-05,1341.3
2014-05-06,1340.6
2014-05-07,1320.9
2014-05-08,1319.7
2014-05-09,1319.6
2014-05-12,1327.8
2014-05-13,1326.8
2014-05-14,1337.9
2014-05-15,1325.6
2014-05-16,1325.4
2014-05-19,1325.8
2014-05-20,1326.6
2014-05-21,1320.1
2014-05-22,1327.0
2014-05-23,1323.7
2014-05-26,
2014-05-27,1297.5
2014-05-28,1291.3
2014-05-29,1288.3
2014-05-30,1277.6
2014-06-02,1275.7
2014-06-03,1276.3
2014-06-04,1276.0
2014-06-05,1285.0
2014-06-06,1284.1
2014-06-09,1285.5
2014-06-10,1291.8
2014-06-11,1292.8
2014-06-12,1305.6
2014-06-13,1305.7
2014-06-16,1306.9
2014-06-17,1303.5
2014-06-18,1304.2
2014-06-19,1345.6
2014-06-20,1348.2
2014-06-23,1349.9
2014-06-24,1352.8
2014-06-25,1354.1
2014-06-26,1348.5
2014-06-27,1351.6
2014-06-30,1353.6
2014-07-01,1358.2
2014-07-02,1362.5
2014-07-03,1352.3
2014-07-04,
2014-07-07,1348.7
2014-07-08,1348.3
2014-07-09,1356.2
2014-07-10,1371.1
2014-07-11,1369.3
2014-07-14,1338.6
2014-07-15,1329.0
2014-07-16,1331.8
2014-07-17,1348.9
2014-07-18,1341.4
2014-07-21,1345.9
2014-07-22,1338.3
2014-07-23,1336.8
2014-07-24,1322.9
2014-07-25,1335.5
2014-07-28,1335.8
2014-07-29,1330.6
2014-07-30,1327.1
2014-07-31,1313.1
2014-08-01,1325.3
2014-08-04,1319.5
2014-08-05,1315.8
2014-08-06,1338.6
2014-08-07,1342.8
2014-08-08,1341.3
2014-08-11,1340.8
2014-08-12,1340.9
2014-08-13,1344.8
2014-08-14,1346.0
2014-08-15,1336.5
2014-08-18,1329.6
2014-08-19,1327.0
2014-08-20,1325.5
2014-08-21,1305.7
2014-08-22,1310.5
2014-08-25,1309.2
2014-08-26,1315.5
2014-08-27,1313.7
2014-08-28,1320.7
2014-08-29,1317.7
2014-09-01,
2014-09-02,1295.3
2014-09-03,1300.6
2014-09-04,1296.8
2014-09-05,1297.6
2014-09-08,1284.6
2014-09-09,1278.8
2014-09-10,1275.6
2014-09-11,1269.3
2014-09-12,1261.8
2014-09-15,1265.4
2014-09-16,1267.0
2014-09-17,1266.2
2014-09-18,1257.2
2014-09-19,1246.9
2014-09-22,1248.2
2014-09-23,1252.3
2014-09-24,1249.8
2014-09-25,1252.2
2014-09-26,1245.7
2014-09-29,1249.1
2014-09-30,1241.9
2014-10-01,1245.8
2014-10-02,1245.4
2014-10-03,1223.2
2014-10-06,1237.6
2014-10-07,1242.7
2014-10-08,1236.3
2014-10-09,1255.6
2014-10-10,1252.0
2014-10-13,1260.3
2014-10-14,1264.6
2014-10-15,1275.1
2014-10-16,1271.5
2014-10-17,1269.3
2014-10-20,1275.0
2014-10-21,1282.0
2014-10-22,1275.8
2014-10-23,1259.4
2014-10-24,1262.1
2014-10-27,1259.6
2014-10-28,1259.7
2014-10-29,1255.2
2014-10-30,1228.9
2014-10-31,1201.9
2014-11-03,1200.1
2014-11-04,1198.0
2014-11-05,1176.0
2014-11-06,1172.9
2014-11-07,1200.1
2014-11-10,1190.1
2014-11-11,1193.3
2014-11-12,1189.4
2014-11-13,1191.8
2014-11-14,1215.9
2014-11-17,1213.8
2014-11-18,1227.4
2014-11-19,1224.2
2014-11-20,1221.2
2014-11-21,1228.0
2014-11-24,1226.0
2014-11-25,1227.4
2014-11-26,1226.9
2014-11-27,
2014-11-28,1205.5
2014-12-01,1248.1
2014-12-02,1229.4
2014-12-03,1238.7
2014-12-04,1237.7
2014-12-05,1220.4
2014-12-08,1224.9
2014-12-09,1262.0
2014-12-10,1259.4
2014-12-11,1255.6
2014-12-12,1252.5
2014-12-15,1237.7
2014-12-16,1224.3
2014-12-17,1224.5
2014-12-18,1224.8
2014-12-19,1226.0
2014-12-22,1209.8
2014-12-23,1208.0
2014-12-24,1203.5
2014-12-25,
2014-12-26,1225.3
2014-12-29,1211.9
2014-12-30,1230.4
2014-12-31,1214.1
2015-01-01,
2015-01-02,1216.2
2015-01-05,1234.0
2015-01-06,1249.4
2015-01-07,1240.7
2015-01-08,1238.5
2015-01-09,1246.1
2015-01-12,1262.8
2015-01-13,1264.4
2015-01-14,1264.5
2015-01-15,1294.8
2015-01-16,1306.9
2015-01-19,
2015-01-20,1324.2
2015-01-21,1323.7
2015-01-22,1330.7
2015-01-23,1322.6
2015-01-26,1309.4
2015-01-27,1321.7
2015-01-28,1315.9
2015-01-29,1284.6
2015-01-30,1308.5
2015-02-02,1306.2
2015-02-03,1289.7
2015-02-04,1293.8
2015-02-05,1292.0
2015-02-06,1263.9
2015-02-09,1270.8
2015-02-10,1261.5
2015-02-11,1248.9
2015-02-12,1249.9
2015-02-13,1256.4
2015-02-16,
2015-02-17,1237.9
2015-02-18,1229.5
2015-02-19,1236.9
2015-02-20,1234.2
2015-02-23,1230.1
2015-02-24,1226.6
2015-02-25,1230.8
2015-02-26,1239.5
2015-02-27,1242.5
2015-03-02,1237.7
2015-03-03,1233.9
2015-03-04,1230.4
2015-03-05,1225.7
2015-03-06,1193.9
2015-03-09,1196.1
2015-03-10,1189.6
2015-03-11,1180.1
2015-03-12,1181.4
2015-03-13,1181.8
2015-03-16,1182.5
2015-03-17,1177.5
2015-03-18,1180.5
2015-03-19,1198.3
2015-03-20,1213.9
2015-03-23,1216.9
2015-03-24,1220.6
2015-03-25,1226.5
2015-03-26,1234.2
2015-03-27,1229.2
2015-03-30,1213.8
2015-03-31,1211.7
2015-04-01,1236.7
2015-04-02,1229.4
2015-04-03,
2015-04-06,1247.1
2015-04-07,1239.1
2015-04-08,1231.6
2015-04-09,1222.1
2015-04-10,1233.1
2015-04-13,1227.8
2015-04-14,1221.1
2015-04-15,1229.8
2015-04-16,1226.5
2015-04-17,1231.6
2015-04-20,1222.2
2015-04-21,1231.6
2015-04-22,1215.4
2015-04-23,1222.8
2015-04-24,1203.5
2015-04-27,1231.7
2015-04-28,1242.4
2015-04-29,1238.5
2015-04-30,1210.9
2015-05-01,1203.0
2015-05-04,1215.3
2015-05-05,1221.7
2015-05-06,1218.8
2015-05-07,1210.7
2015-05-08,1217.4
2015-05-11,1211.5
2015-05-12,1220.9
2015-05-13,1246.7
2015-05-14,1253.7
2015-05-15,1253.8
2015-05-18,1256.1
2015-05-19,1235.2
2015-05-20,1237.2
2015-05-21,1232.6
2015-05-22,1232.5
2015-05-25,
2015-05-26,1215.4
2015-05-27,1214.1
2015-05-28,1216.6
2015-05-29,1217.9
2015-06-01,1216.8
2015-06-02,1222.5
2015-06-03,1213.0
2015-06-04,1203.3
2015-06-05,1196.2
2015-06-08,1201.7
2015-06-09,1205.7
2015-06-10,1214.7
2015-06-11,1208.5
2015-06-12,1207.3
2015-06-15,1213.9
2015-06-16,1209.0
2015-06-17,1204.9
2015-06-18,1230.1
2015-06-19,1230.0
2015-06-22,1212.2
2015-06-23,1204.7
2015-06-24,1201.0
2015-06-25,1199.9
2015-06-26,1201.3
2015-06-29,1207.1
2015-06-30,1199.9
2015-07-01,1197.4
2015-07-02,1191.6
2015-07-03,
2015-07-06,1201.3
2015-07-07,1180.7
2015-07-08,1191.6
2015-07-09,1187.3
2015-07-10,1186.0
2015-07-13,1183.5
2015-07-14,1181.6
2015-07-15,1175.5
2015-07-16,1172.0
2015-07-17,1160.0
2015-07-20,1134.9
2015-07-21,1131.6
2015-07-22,1119.6
2015-07-23,1122.2
2015-07-24,1113.6
2015-07-27,1124.5
2015-07-28,1124.3
2015-07-29,1120.7
2015-07-30,1116.5
2015-07-31,1123.0
2015-08-03,1117.5
2015-08-04,1118.8
2015-08-05,1113.7
2015-08-06,1118.2
2015-08-07,1122.2
2015-08-10,1132.2
2015-08-11,1135.8
2015-08-12,1151.7
2015-08-13,1143.7
2015-08-14,1140.8
2015-08-17,1146.5
2015-08-18,1145.0
2015-08-19,1156.0
2015-08-20,1181.3
2015-08-21,1187.7
2015-08-24,1181.7
2015-08-25,1166.4
2015-08-26,1152.7
2015-08-27,1150.7
2015-08-28,1162.1
2015-08-31,1160.6
2015-09-01,1167.9
2015-09-02,1161.7
2015-09-03,1152.6
2015-09-04,1149.5
2015-09-07,
2015-09-08,1149.1
2015-09-09,1130.1
2015-09-10,1137.4
2015-09-11,1131.4
2015-09-14,1135.8
2015-09-15,1130.7
2015-09-16,1147.1
2015-09-17,1145.1
2015-09-18,1165.9
2015-09-21,1160.9
2015-09-22,1152.9
2015-09-23,1159.6
2015-09-24,1181.9
2015-09-25,1173.7
2015-09-28,1159.8
2015-09-29,1154.9
2015-09-30,1143.3
2015-10-01,1141.8
2015-10-02,1164.7
2015-10-05,1165.7
2015-10-06,1174.5
2015-10-07,1176.8
2015-10-08,1172.4
2015-10-09,1184.0
2015-10-12,1192.6
2015-10-13,1193.5
2015-10-14,1207.9
2015-10-15,1215.6
2015-10-16,1211.2
2015-10-19,1200.9
2015-10-20,1205.6
2015-10-21,1195.2
2015-10-22,1194.2
2015-10-23,1190.9
2015-10-26,1194.3
2015-10-27,1193.9
2015-10-28,1204.2
2015-10-29,1175.4
2015-10-30,1169.5
2015-11-02,1164.0
2015-11-03,1142.2
2015-11-04,1134.3
2015-11-05,1132.3
2015-11-06,1115.8
2015-11-09,1116.2
2015-11-10,1116.6
2015-11-11,1113.0
2015-11-12,1109.1
2015-11-13,1109.0
2015-11-16,1111.7
2015-11-17,1096.7
2015-11-18,1096.8
2015-11-19,1106.0
2015-11-20,1104.4
2015-11-23,1094.9
2015-11-24,1101.9
2015-11-25,1098.1
2015-11-26,
2015-11-27,1084.3
2015-11-30,1093.9
2015-12-01,1091.9
2015-12-02,1082.3
2015-12-03,1089.7
2015-12-04,1112.6
2015-12-07,1103.7
2015-12-08,1103.8
2015-12-09,1105.0
2015-12-10,1100.5
2015-12-11,1104.2
2015-12-14,1091.9
2015-12-15,1090.1
2015-12-16,1105.3
2015-12-17,1078.1
2015-12-18,1093.5
2015-12-21,1109.1
2015-12-22,1102.6
2015-12-23,1096.8
2015-12-24,1104.4
2015-12-25,
2015-12-28,1096.8
2015-12-29,1096.5
2015-12-30,1088.3
2015-12-31,1088.7
2016-01-01,
2016-01-04,1103.7
2016-01-05,1106.9
2016-01-06,1120.4
2016-01-07,1136.3
2016-01-08,1126.4
2016-01-11,1124.7
2016-01-12,1113.7
2016-01-13,1115.6
2016-01-14,1102.1
2016-01-15,1119.2
2016-01-18,
2016-01-19,1117.6
2016-01-20,1134.7
2016-01-21,1126.7
2016-01-22,1124.8
2016-01-25,1133.8
2016-01-26,1148.7
2016-01-27,1144.3
2016-01-28,1144.1
2016-01-29,1144.9
2016-02-01,1156.4
2016-02-02,1155.8
2016-02-03,1169.8
2016-02-04,1186.1
2016-02-05,1186.3
2016-02-08,1226.5
2016-02-09,1227.2
2016-02-10,1223.2
2016-02-11,1276.4
2016-02-12,1268.0
2016-02-15,
2016-02-16,1236.7
2016-02-17,1239.9
2016-02-18,1254.9
2016-02-19,1259.4
2016-02-22,1238.7
2016-02-23,1251.2
2016-02-24,1267.8
2016-02-25,1267.5
2016-02-26,1249.1
2016-02-29,1263.2
2016-03-01,1259.6
2016-03-02,1270.7
2016-03-03,1287.2
2016-03-04,1299.8
2016-03-07,1293.2
2016-03-08,1292.2
2016-03-09,1286.6
2016-03-10,1302.1
2016-03-11,1288.8
2016-03-14,1274.5
2016-03-15,1260.3
2016-03-16,1259.1
2016-03-17,1294.4
2016-03-18,1283.6
2016-03-21,1273.8
2016-03-22,1278.4
2016-03-23,1253.7
2016-03-24,1251.6
2016-03-25,
2016-03-28,1250.1
2016-03-29,1265.6
2016-03-30,1256.7
2016-03-31,1263.7
2016-04-01,1251.6
2016-04-04,1247.4
2016-04-05,1257.7
2016-04-06,1251.9
2016-04-07,1265.6
2016-04-08,1271.9
2016-04-11,1286.1
2016-04-12,1289.0
2016-04-13,1276.4
2016-04-14,1254.6
2016-04-15,1262.7
2016-04-18,1263.1
2016-04-19,1282.4
2016-04-20,1282.5
2016-04-21,1278.4
2016-04-22,1258.1
2016-04-25,1268.3
2016-04-26,1271.5
2016-04-27,1278.5
2016-04-28,1294.5
2016-04-29,1318.6
2016-05-02,1323.9
2016-05-03,1319.9
2016-05-04,1302.5
2016-05-05,1300.4
2016-05-06,1322.1
2016-05-09,1294.7
2016-05-10,1292.9
2016-05-11,1303.6
2016-05-12,1299.3
2016-05-13,1300.8
2016-05-16,1302.3
2016-05-17,1305.0
2016-05-18,1302.5
2016-05-19,1282.9
2016-05-20,1281.0
2016-05-23,1279.6
2016-05-24,1257.3
2016-05-25,1251.9
2016-05-26,1248.5
2016-05-27,1241.9
2016-05-30,
2016-05-31,1242.9
2016-06-01,1240.0
2016-06-02,1237.9
2016-06-03,1268.2
2016-06-06,1272.7
2016-06-07,1272.3
2016-06-08,1287.6
2016-06-09,1298.0
2016-06-10,1301.2
2016-06-13,1312.2
2016-06-14,1313.4
2016-06-15,1313.6
2016-06-16,1323.7
2016-06-17,1320.1
2016-06-20,1317.4
2016-06-21,1297.8
2016-06-22,1295.3
2016-06-23,1288.4
2016-06-24,1347.7
2016-06-27,1350.0
2016-06-28,1343.2
2016-06-29,1352.2
2016-06-30,1345.9
2016-07-01,1364.3
2016-07-04,
2016-07-05,1384.0
2016-07-06,1392.4
2016-07-07,1387.4
2016-07-08,1383.7
2016-07-11,1381.9
2016-07-12,1360.6
2016-07-13,1368.9
2016-07-14,1357.5
2016-07-15,1352.7
2016-07-18,1354.6
2016-07-19,1357.6
2016-07-20,1344.6
2016-07-21,1356.3
2016-07-22,1348.7
2016-07-25,1344.8
2016-07-26,1346.1
2016-07-27,1352.0
2016-07-28,1357.6
2016-07-29,1374.3
2016-08-01,1376.7
2016-08-02,1389.7
2016-08-03,1381.4
2016-08-04,1384.1
2016-08-05,1361.7
2016-08-08,1358.7
2016-08-09,1364.3
2016-08-10,1369.6
2016-08-11,1367.8
2016-08-12,1361.0
2016-08-15,1365.3
2016-08-16,1374.7
2016-08-17,1366.6
2016-08-18,1375.0
2016-08-19,1364.0
2016-08-22,1361.2
2016-08-23,1363.9
2016-08-24,1347.5
2016-08-25,1342.4
2016-08-26,1343.7
2016-08-29,1344.9
2016-08-30,1334.3
2016-08-31,1329.2
2016-09-01,1334.9
2016-09-02,1344.5
2016-09-05,
2016-09-06,1371.8
2016-09-07,1367.0
2016-09-08,1359.4
2016-09-09,1352.3
2016-09-12,1343.4
2016-09-13,1341.5
2016-09-14,1343.9
2016-09-15,1335.8
2016-09-16,1328.0
2016-09-19,1335.6
2016-09-20,1336.0
2016-09-21,1349.2
2016-09-22,1362.5
2016-09-23,1359.5
2016-09-26,1361.9
2016-09-27,1348.2
2016-09-28,1341.5
2016-09-29,1343.8
2016-09-30,1334.9
2016-10-03,1330.5
2016-10-04,1287.5
2016-10-05,1286.4
2016-10-06,1270.8
2016-10-07,1269.7
2016-10-10,1278.2
2016-10-11,1273.7
2016-10-12,1271.6
2016-10-13,1275.4
2016-10-14,1273.3
2016-10-17,1274.4
2016-10-18,1280.7
2016-10-19,1287.7
2016-10-20,1285.3
2016-10-21,1285.5
2016-10-24,1281.5
2016-10-25,1291.4
2016-10-26,1284.4
2016-10-27,1287.3
2016-10-28,1294.6
2016-10-31,1290.9
2016-11-01,1305.8
2016-11-02,1326.0
2016-11-03,1321.1
2016-11-04,1322.3
2016-11-07,1297.2
2016-11-08,1292.3
2016-11-09,1291.3
2016-11-10,1284.2
2016-11-11,1242.1
2016-11-14,1239.5
2016-11-15,1242.3
2016-11-16,1241.7
2016-11-17,1234.7
2016-11-18,1226.5
2016-11-21,1227.6
2016-11-22,1229.0
2016-11-23,1207.1
2016-11-24,
2016-11-25,1196.2
2016-11-28,1208.6
2016-11-29,1205.7
2016-11-30,1188.6
2016-12-01,1184.7
2016-12-02,1192.9
2016-12-05,1191.6
2016-12-06,1185.2
2016-12-07,1192.6
2016-12-08,1187.5
2016-12-09,1177.0
2016-12-12,1180.9
2016-12-13,1174.1
2016-12-14,1178.8
2016-12-15,1144.9
2016-12-16,1152.5
2016-12-19,1157.8
2016-12-20,1148.7
2016-12-21,1148.3
2016-12-22,1145.8
2016-12-23,1148.7
2016-12-26,
2016-12-27,1153.9
2016-12-28,1156.0
2016-12-29,1173.2
2016-12-30,1166.8
2017-01-02,
2017-01-03,1177.1
2017-01-04,1180.4
2017-01-05,1196.4
2017-01-06,1188.5
2017-01-09,1200.0
2017-01-10,1200.6
2017-01-11,1211.7
2017-01-12,1214.9
2017-01-13,1211.3
2017-01-16,
2017-01-17,1228.0
2017-01-18,1227.2
2017-01-19,1216.6
2017-01-20,1220.0
2017-01-23,1230.7
2017-01-24,1225.9
2017-01-25,1212.9
2017-01-26,1204.9
2017-01-27,1203.5
2017-01-30,1208.3
2017-01-31,1223.7
2017-02-01,1220.7
2017-02-02,1231.8
2017-02-03,1233.6
2017-02-06,1245.1
2017-02-07,1249.1
2017-02-08,1252.5
2017-02-09,1249.8
2017-02-10,1248.8
2017-02-13,1238.7
2017-02-14,1238.4
2017-02-15,1246.2
2017-02-16,1254.7
2017-02-17,1252.2
2017-02-20,
2017-02-21,1252.0
2017-02-22,1246.4
2017-02-23,1264.4
2017-02-24,1271.3
2017-02-27,1271.8
2017-02-28,1267.0
2017-03-01,1263.1
2017-03-02,1245.9
2017-03-03,1239.6
2017-03-06,1238.6
2017-03-07,1229.3
2017-03-08,1222.6
2017-03-09,1216.4
2017-03-10,1214.5
2017-03-13,1216.3
2017-03-14,1215.6
2017-03-15,1213.6
2017-03-16,1240.0
2017-03-17,1243.0
2017-03-20,1247.0
2017-03-21,1259.4
2017-03-22,1262.6
2017-03-23,1259.9
2017-03-24,1261.5
2017-03-27,1268.6
2017-03-28,1268.6
2017-03-29,1266.6
2017-03-30,1257.8
2017-03-31,1261.0
2017-04-03,1263.8
2017-04-04,1268.2
2017-04-05,1258.3
2017-04-06,1263.1
2017-04-07,1267.1
2017-04-10,1263.7
2017-04-11,1284.0
2017-04-12,1287.9
2017-04-13,1298.3
2017-04-14,
2017-04-17,1301.7
2017-04-18,1303.9
2017-04-19,1293.2
2017-04-20,1293.6
2017-04-21,1298.9
2017-04-24,1287.3
2017-04-25,1277.0
2017-04-26,1274.0
2017-04-27,1275.7
2017-04-28,1278.1
2017-05-01,1265.3
2017-05-02,1266.8
2017-05-03,1258.3
2017-05-04,1238.4
2017-05-05,1236.7
2017-05-08,1236.9
2017-05-09,1225.9
2017-05-10,1228.7
2017-05-11,1234.0
2017-05-12,1237.5
2017-05-15,1239.8
2017-05-16,1246.2
2017-05-17,1268.5
2017-05-18,1262.6
2017-05-19,1263.4
2017-05-22,1271.2
2017-05-23,1265.3
2017-05-24,1262.9
2017-05-25,1266.2
2017-05-26,1277.9
2017-05-29,
2017-05-30,1271.9
2017-05-31,1281.8
2017-06-01,1276.8
2017-06-02,1286.6
2017-06-05,1289.1
2017-06-06,1303.9
2017-06-07,1299.6
2017-06-08,1285.9
2017-06-09,1277.8
2017-06-12,1275.3
2017-06-13,1275.0
2017-06-14,1282.3
2017-06-15,1261.0
2017-06-16,1262.9
2017-06-19,1253.1
2017-06-20,1249.9
2017-06-21,1252.2
2017-06-22,1255.8
2017-06-23,1262.8
2017-06-26,1252.8
2017-06-27,1253.3
2017-06-28,1255.5
2017-06-29,1252.2
2017-06-30,1248.7
2017-07-03,1225.6
2017-07-04,
2017-07-05,1228.1
2017-07-06,1229.7
2017-07-07,1216.1
2017-07-10,1219.6
2017-07-11,1221.1
2017-07-12,1225.5
2017-07-13,1223.7
2017-07-14,1233.9
2017-07-17,1240.1
2017-07-18,1248.3
2017-07-19,1248.4
2017-07-20,1251.9
2017-07-21,1261.3
2017-07-24,1260.7
2017-07-25,1258.5
2017-07-26,1255.8
2017-07-27,1266.4
2017-07-28,1274.8
2017-07-31,1273.0
2017-08-01,1279.0
2017-08-02,1278.2
2017-08-03,1274.2
2017-08-04,1264.7
2017-08-07,1264.6
2017-08-08,1262.8
2017-08-09,1279.4
2017-08-10,1290.1
2017-08-11,1294.0
2017-08-14,1290.4
2017-08-15,1279.7
2017-08-16,1282.9
2017-08-17,1292.4
2017-08-18,1291.6
2017-08-21,1296.7
2017-08-22,1291.0
2017-08-23,1294.7
2017-08-24,1292.0
2017-08-25,1297.9
2017-08-28,1315.3
2017-08-29,1318.9
2017-08-30,1314.1
2017-08-31,1322.2
2017-09-01,1330.4
2017-09-04,
2017-09-05,1344.0
2017-09-06,1339.0
2017-09-07,1350.3
2017-09-08,1351.2
2017-09-11,1335.7
2017-09-12,1332.7
2017-09-13,1328.0
2017-09-14,1329.3
2017-09-15,1325.2
2017-09-18,1310.8
2017-09-19,1310.6
2017-09-20,1316.4
2017-09-21,1294.8
2017-09-22,1297.5
2017-09-25,1311.5
2017-09-26,1301.7
2017-09-27,1287.8
2017-09-28,1288.7
2017-09-29,1284.8
2017-10-02,1275.8
2017-10-03,1274.6
2017-10-04,1276.8
2017-10-05,1273.2
2017-10-06,1274.9
2017-10-09,1285.0
2017-10-10,1293.8
2017-10-11,1288.9
2017-10-12,1296.5
2017-10-13,1304.6
2017-10-16,1303.0
2017-10-17,1286.2
2017-10-18,1283.0
